MEMO	0	status	0	0	0	memo	0	0	0	0	collector_started
MEMO	1779966584000000000	binder	0	0	0	ebpf_counter	1	3515	0	0	binder_transaction
MEMO	1779966584000000001	binder	0	0	0	ebpf_counter	1	3515	0	0	binder_transaction
MEMO	1779966584000000002	binder	0	0	0	ebpf_counter	1	3515	0	0	binder_transaction
MEMO	1779966584000000003	binder	0	0	0	ebpf_counter	1	3515	0	0	binder_transaction
MEMO	1779966584000000004	binder	0	0	0	ebpf_counter	1	3515	0	0	binder_transaction
MEMO	1779966584000000005	binder	0	0	0	ebpf_counter	1	3515	0	0	binder_transaction
MEMO	1779966584000000006	binder	0	0	0	ebpf_counter	1	3515	0	0	binder_transaction
MEMO	1779966584000000007	binder	0	0	0	ebpf_counter	1	3515	0	0	binder_transaction
MEMO	1779966584000000008	binder	0	0	0	ebpf_counter	1	3515	0	0	binder_transaction
MEMO	1779966584000000009	binder	0	0	0	ebpf_counter	1	3515	0	0	binder_transaction
MEMO	1779966584000000010	binder	0	0	0	ebpf_counter	1	3515	0	0	binder_transaction
MEMO	1779966584000000011	binder	0	0	0	ebpf_counter	1	3515	0	0	binder_transaction
MEMO	1779966584000000012	binder	0	0	0	ebpf_counter	1	3515	0	0	binder_transaction
MEMO	1779966584000000013	binder	0	0	0	ebpf_counter	1	3515	0	0	binder_transaction
MEMO	1779966584000000014	binder	0	0	0	ebpf_counter	1	3515	0	0	binder_transaction
MEMO	1779966584000000015	binder	0	0	0	ebpf_counter	1	3515	0	0	binder_transaction
MEMO	1779966584000000016	binder	0	0	0	ebpf_counter	1	3515	0	0	binder_transaction
MEMO	1779966584000000017	binder	0	0	0	ebpf_counter	1	3515	0	0	binder_transaction
MEMO	1779966584000000018	binder	0	0	0	ebpf_counter	1	3515	0	0	binder_transaction
MEMO	1779966584000000019	binder	0	0	0	ebpf_counter	1	3515	0	0	binder_transaction
MEMO	1779966584000000020	binder	0	0	0	ebpf_counter	1	3515	0	0	binder_transaction
MEMO	1779966584000000021	binder	0	0	0	ebpf_counter	1	3515	0	0	binder_transaction
MEMO	1779966584000000022	binder	0	0	0	ebpf_counter	1	3515	0	0	binder_transaction
MEMO	1779966584000000023	binder	0	0	0	ebpf_counter	1	3515	0	0	binder_transaction
MEMO	1779966584000000024	binder	0	0	0	ebpf_counter	1	3515	0	0	binder_transaction
MEMO	1779966584000000025	binder	0	0	0	ebpf_counter	1	3515	0	0	binder_transaction
MEMO	1779966584000000026	binder	0	0	0	ebpf_counter	1	3515	0	0	binder_transaction
MEMO	1779966584000000027	binder	0	0	0	ebpf_counter	1	3515	0	0	binder_transaction
MEMO	1779966584000000028	binder	0	0	0	ebpf_counter	1	3515	0	0	binder_transaction
MEMO	1779966584000000029	binder	0	0	0	ebpf_counter	1	3515	0	0	binder_transaction
MEMO	1779966584000000030	binder	0	0	0	ebpf_counter	1	3515	0	0	binder_transaction
MEMO	1779966584000000031	binder	0	0	0	ebpf_counter	1	3515	0	0	binder_transaction
MEMO	1779966584000000032	binder	0	0	0	ebpf_counter	1	3515	0	0	binder_transaction
MEMO	1779966584000000033	binder	0	0	0	ebpf_counter	1	3515	0	0	binder_transaction
MEMO	1779966584000000034	binder	0	0	0	ebpf_counter	1	3515	0	0	binder_transaction
MEMO	1779966584000000035	binder	0	0	0	ebpf_counter	1	3515	0	0	binder_transaction
MEMO	1779966584000000036	binder	0	0	0	ebpf_counter	1	3515	0	0	binder_transaction
MEMO	1779966584000000037	binder	0	0	0	ebpf_counter	1	3515	0	0	binder_transaction
MEMO	1779966584000000038	binder	0	0	0	ebpf_counter	1	3515	0	0	binder_transaction
MEMO	1779966584000000039	binder	0	0	0	ebpf_counter	1	3515	0	0	binder_transaction
MEMO	1779966584000000040	binder	0	0	0	ebpf_counter	1	3515	0	0	binder_transaction
MEMO	1779966584000000041	binder	0	0	0	ebpf_counter	1	3515	0	0	binder_transaction
MEMO	1779966584000000042	binder	0	0	0	ebpf_counter	1	3515	0	0	binder_transaction
MEMO	1779966584000000043	binder	0	0	0	ebpf_counter	1	3515	0	0	binder_transaction
MEMO	1779966584000000044	binder	0	0	0	ebpf_counter	1	3515	0	0	binder_transaction
MEMO	1779966584000000045	binder	0	0	0	ebpf_counter	1	3515	0	0	binder_transaction
MEMO	1779966584000000046	binder	0	0	0	ebpf_counter	1	3515	0	0	binder_transaction
MEMO	1779966584000000047	binder	0	0	0	ebpf_counter	1	3515	0	0	binder_transaction
MEMO	1779966584000000048	binder	0	0	0	ebpf_counter	1	3515	0	0	binder_transaction
MEMO	1779966584000000049	binder	0	0	0	ebpf_counter	1	3515	0	0	binder_transaction
MEMO	1779966584000000050	binder	0	0	0	ebpf_counter	1	3515	0	0	binder_transaction
MEMO	1779966584000000051	binder	0	0	0	ebpf_counter	1	3515	0	0	binder_transaction
MEMO	1779966584000000052	binder	0	0	0	ebpf_counter	1	3515	0	0	binder_transaction
MEMO	1779966584000000053	binder	0	0	0	ebpf_counter	1	3515	0	0	binder_transaction
MEMO	1779966584000000054	binder	0	0	0	ebpf_counter	1	3515	0	0	binder_transaction
MEMO	1779966584000000055	binder	0	0	0	ebpf_counter	1	3515	0	0	binder_transaction
MEMO	1779966584000000056	binder	0	0	0	ebpf_counter	1	3515	0	0	binder_transaction
MEMO	1779966584000000057	binder	0	0	0	ebpf_counter	1	3515	0	0	binder_transaction
MEMO	1779966584000000058	binder	0	0	0	ebpf_counter	1	3515	0	0	binder_transaction
MEMO	1779966584000000059	binder	0	0	0	ebpf_counter	1	3515	0	0	binder_transaction
MEMO	1779966584000000060	binder	0	0	0	ebpf_counter	1	3515	0	0	binder_transaction
MEMO	1779966584000000061	binder	0	0	0	ebpf_counter	1	3515	0	0	binder_transaction
MEMO	1779966584000000062	binder	0	0	0	ebpf_counter	1	3515	0	0	binder_transaction
MEMO	1779966584000000063	binder	0	0	0	ebpf_counter	1	3515	0	0	binder_transaction
MEMO	1779966584000000064	binder	0	0	0	ebpf_counter	1	3515	0	0	binder_transaction
MEMO	1779966584000000065	binder	0	0	0	ebpf_counter	1	3515	0	0	binder_transaction
MEMO	1779966584000000066	binder	0	0	0	ebpf_counter	1	3515	0	0	binder_transaction
MEMO	1779966584000000067	binder	0	0	0	ebpf_counter	1	3515	0	0	binder_transaction
MEMO	1779966584000000068	binder	0	0	0	ebpf_counter	1	3515	0	0	binder_transaction
MEMO	1779966584000000069	binder	0	0	0	ebpf_counter	1	3515	0	0	binder_transaction
MEMO	1779966584000000070	binder	0	0	0	ebpf_counter	1	3515	0	0	binder_transaction
MEMO	1779966584000000071	binder	0	0	0	ebpf_counter	1	3515	0	0	binder_transaction
MEMO	1779966584000000072	binder	0	0	0	ebpf_counter	1	3515	0	0	binder_transaction
MEMO	1779966584000000073	binder	0	0	0	ebpf_counter	1	3515	0	0	binder_transaction
MEMO	1779966584000000074	binder	0	0	0	ebpf_counter	1	3515	0	0	binder_transaction
MEMO	1779966584000000075	binder	0	0	0	ebpf_counter	1	3515	0	0	binder_transaction
MEMO	1779966584000000076	binder	0	0	0	ebpf_counter	1	3515	0	0	binder_transaction
MEMO	1779966584000000077	binder	0	0	0	ebpf_counter	1	3515	0	0	binder_transaction
MEMO	1779966584000000078	binder	0	0	0	ebpf_counter	1	3515	0	0	binder_transaction
MEMO	1779966584000000079	binder	0	0	0	ebpf_counter	1	3515	0	0	binder_transaction
MEMO	1779966584000000080	binder	0	0	0	ebpf_counter	1	3515	0	0	binder_transaction
MEMO	1779966584000000081	binder	0	0	0	ebpf_counter	1	3515	0	0	binder_transaction
MEMO	1779966584000000082	binder	0	0	0	ebpf_counter	1	3515	0	0	binder_transaction
MEMO	1779966584000000083	binder	0	0	0	ebpf_counter	1	3515	0	0	binder_transaction
MEMO	1779966584000000084	binder	0	0	0	ebpf_counter	1	3515	0	0	binder_transaction
MEMO	1779966584000000085	binder	0	0	0	ebpf_counter	1	3515	0	0	binder_transaction
MEMO	1779966584000000086	binder	0	0	0	ebpf_counter	1	3515	0	0	binder_transaction
MEMO	1779966584000000087	binder	0	0	0	ebpf_counter	1	3515	0	0	binder_transaction
MEMO	1779966584000000088	binder	0	0	0	ebpf_counter	1	3515	0	0	binder_transaction
MEMO	1779966584000000089	binder	0	0	0	ebpf_counter	1	3515	0	0	binder_transaction
MEMO	1779966584000000090	binder	0	0	0	ebpf_counter	1	3515	0	0	binder_transaction
MEMO	1779966584000000091	binder	0	0	0	ebpf_counter	1	3515	0	0	binder_transaction
MEMO	1779966584000000092	binder	0	0	0	ebpf_counter	1	3515	0	0	binder_transaction
MEMO	1779966584000000093	binder	0	0	0	ebpf_counter	1	3515	0	0	binder_transaction
MEMO	1779966584000000094	binder	0	0	0	ebpf_counter	1	3515	0	0	binder_transaction
MEMO	1779966584000000095	binder	0	0	0	ebpf_counter	1	3515	0	0	binder_transaction
MEMO	1779966584000000096	binder	0	0	0	ebpf_counter	1	3515	0	0	binder_transaction
MEMO	1779966584000000097	binder	0	0	0	ebpf_counter	1	3515	0	0	binder_transaction
MEMO	1779966584000000098	binder	0	0	0	ebpf_counter	1	3515	0	0	binder_transaction
MEMO	1779966584000000099	binder	0	0	0	ebpf_counter	1	3515	0	0	binder_transaction
MEMO	1779966584000000100	binder	0	0	0	ebpf_counter	1	3515	0	0	binder_transaction
MEMO	1779966584000000101	binder	0	0	0	ebpf_counter	1	3515	0	0	binder_transaction
MEMO	1779966584000000102	binder	0	0	0	ebpf_counter	1	3515	0	0	binder_transaction
MEMO	1779966584000000103	binder	0	0	0	ebpf_counter	1	3515	0	0	binder_transaction
MEMO	1779966584000000104	binder	0	0	0	ebpf_counter	1	3515	0	0	binder_transaction
MEMO	1779966584000000105	binder	0	0	0	ebpf_counter	1	3515	0	0	binder_transaction
MEMO	1779966584000000106	binder	0	0	0	ebpf_counter	1	3515	0	0	binder_transaction
MEMO	1779966584000000107	binder	0	0	0	ebpf_counter	1	3515	0	0	binder_transaction
MEMO	1779966584000000108	binder	0	0	0	ebpf_counter	1	3515	0	0	binder_transaction
MEMO	1779966584000000109	binder	0	0	0	ebpf_counter	1	3515	0	0	binder_transaction
MEMO	1779966584000000110	binder	0	0	0	ebpf_counter	1	3515	0	0	binder_transaction
MEMO	1779966584000000111	binder	0	0	0	ebpf_counter	1	3515	0	0	binder_transaction
MEMO	1779966584000000112	binder	0	0	0	ebpf_counter	1	3515	0	0	binder_transaction
MEMO	1779966584000000113	binder	0	0	0	ebpf_counter	1	3515	0	0	binder_transaction
MEMO	1779966584000000114	binder	0	0	0	ebpf_counter	1	3515	0	0	binder_transaction
MEMO	1779966584000000115	binder	0	0	0	ebpf_counter	1	3515	0	0	binder_transaction
MEMO	1779966584000000116	binder	0	0	0	ebpf_counter	1	3515	0	0	binder_transaction
MEMO	1779966584000000117	binder	0	0	0	ebpf_counter	1	3515	0	0	binder_transaction
MEMO	1779966584000000118	binder	0	0	0	ebpf_counter	1	3515	0	0	binder_transaction
MEMO	1779966584000000119	binder	0	0	0	ebpf_counter	1	3515	0	0	binder_transaction
MEMO	1779966584000000120	binder	0	0	0	ebpf_counter	1	3515	0	0	binder_transaction
MEMO	1779966584000000121	binder	0	0	0	ebpf_counter	1	3515	0	0	binder_transaction
MEMO	1779966584000000122	binder	0	0	0	ebpf_counter	1	3515	0	0	binder_transaction
MEMO	1779966584000000123	binder	0	0	0	ebpf_counter	1	3515	0	0	binder_transaction
MEMO	1779966584000000124	binder	0	0	0	ebpf_counter	1	3515	0	0	binder_transaction
MEMO	1779966584000000125	binder	0	0	0	ebpf_counter	1	3515	0	0	binder_transaction
MEMO	1779966584000000126	binder	0	0	0	ebpf_counter	1	3515	0	0	binder_transaction
MEMO	1779966584000000127	binder	0	0	0	ebpf_counter	1	3515	0	0	binder_transaction
MEMO	1779966584000000128	binder	0	0	0	ebpf_counter	1	3515	0	0	binder_transaction
MEMO	1779966584000000129	binder	0	0	0	ebpf_counter	1	3515	0	0	binder_transaction
MEMO	1779966584000000130	binder	0	0	0	ebpf_counter	1	3515	0	0	binder_transaction
MEMO	1779966584000000131	binder	0	0	0	ebpf_counter	1	3515	0	0	binder_transaction
MEMO	1779966584000000132	binder	0	0	0	ebpf_counter	1	3515	0	0	binder_transaction
MEMO	1779966584000000133	binder	0	0	0	ebpf_counter	1	3515	0	0	binder_transaction
MEMO	1779966584000000134	binder	0	0	0	ebpf_counter	1	3515	0	0	binder_transaction
MEMO	1779966584000000135	binder	0	0	0	ebpf_counter	1	3515	0	0	binder_transaction
MEMO	1779966584000000136	binder	0	0	0	ebpf_counter	1	3515	0	0	binder_transaction
MEMO	1779966584000000137	binder	0	0	0	ebpf_counter	1	3515	0	0	binder_transaction
MEMO	1779966584000000138	binder	0	0	0	ebpf_counter	1	3515	0	0	binder_transaction
MEMO	1779966584000000139	binder	0	0	0	ebpf_counter	1	3515	0	0	binder_transaction
MEMO	1779966584000000140	binder	0	0	0	ebpf_counter	1	3515	0	0	binder_transaction
MEMO	1779966584000000141	binder	0	0	0	ebpf_counter	1	3515	0	0	binder_transaction
MEMO	1779966584000000142	binder	0	0	0	ebpf_counter	1	3515	0	0	binder_transaction
MEMO	1779966584000000143	binder	0	0	0	ebpf_counter	1	3515	0	0	binder_transaction
MEMO	1779966584000000144	binder	0	0	0	ebpf_counter	1	3515	0	0	binder_transaction
MEMO	1779966584000000145	binder	0	0	0	ebpf_counter	1	3515	0	0	binder_transaction
MEMO	1779966584000000146	binder	0	0	0	ebpf_counter	1	3515	0	0	binder_transaction
MEMO	1779966584000000147	binder	0	0	0	ebpf_counter	1	3515	0	0	binder_transaction
MEMO	1779966584000000148	binder	0	0	0	ebpf_counter	1	3515	0	0	binder_transaction
MEMO	1779966584000000149	binder	0	0	0	ebpf_counter	1	3515	0	0	binder_transaction
MEMO	1779966584000000150	binder	0	0	0	ebpf_counter	1	3515	0	0	binder_transaction
MEMO	1779966584000000151	binder	0	0	0	ebpf_counter	1	3515	0	0	binder_transaction
MEMO	1779966584000000152	binder	0	0	0	ebpf_counter	1	3515	0	0	binder_transaction
MEMO	1779966584000000153	binder	0	0	0	ebpf_counter	1	3515	0	0	binder_transaction
MEMO	1779966584000000154	binder	0	0	0	ebpf_counter	1	3515	0	0	binder_transaction
MEMO	1779966584000000155	binder	0	0	0	ebpf_counter	1	3515	0	0	binder_transaction
MEMO	1779966584000000156	binder	0	0	0	ebpf_counter	1	3515	0	0	binder_transaction
MEMO	1779966584000000157	binder	0	0	0	ebpf_counter	1	3515	0	0	binder_transaction
MEMO	1779966584000000158	binder	0	0	0	ebpf_counter	1	3515	0	0	binder_transaction
MEMO	1779966584000000159	binder	0	0	0	ebpf_counter	1	3515	0	0	binder_transaction
MEMO	1779966584000000160	binder	0	0	0	ebpf_counter	1	3515	0	0	binder_transaction
MEMO	1779966584000000161	binder	0	0	0	ebpf_counter	1	3515	0	0	binder_transaction
MEMO	1779966584000000162	binder	0	0	0	ebpf_counter	1	3515	0	0	binder_transaction
MEMO	1779966584000000163	binder	0	0	0	ebpf_counter	1	3515	0	0	binder_transaction
MEMO	1779966584000000164	binder	0	0	0	ebpf_counter	1	3515	0	0	binder_transaction
MEMO	1779966584000000165	binder	0	0	0	ebpf_counter	1	3515	0	0	binder_transaction
MEMO	1779966584000000166	binder	0	0	0	ebpf_counter	1	3515	0	0	binder_transaction
MEMO	1779966584000000167	binder	0	0	0	ebpf_counter	1	3515	0	0	binder_transaction
MEMO	1779966584000000168	binder	0	0	0	ebpf_counter	1	3515	0	0	binder_transaction
MEMO	1779966584000000169	binder	0	0	0	ebpf_counter	1	3515	0	0	binder_transaction
MEMO	1779966584000000170	binder	0	0	0	ebpf_counter	1	3515	0	0	binder_transaction
MEMO	1779966584000000171	binder	0	0	0	ebpf_counter	1	3515	0	0	binder_transaction
MEMO	1779966584000000172	binder	0	0	0	ebpf_counter	1	3515	0	0	binder_transaction
MEMO	1779966584000000173	binder	0	0	0	ebpf_counter	1	3515	0	0	binder_transaction
MEMO	1779966584000000174	binder	0	0	0	ebpf_counter	1	3515	0	0	binder_transaction
MEMO	1779966584000000175	binder	0	0	0	ebpf_counter	1	3515	0	0	binder_transaction
MEMO	1779966584000000176	binder	0	0	0	ebpf_counter	1	3515	0	0	binder_transaction
MEMO	1779966584000000177	binder	0	0	0	ebpf_counter	1	3515	0	0	binder_transaction
MEMO	1779966584000000178	binder	0	0	0	ebpf_counter	1	3515	0	0	binder_transaction
MEMO	1779966584000000179	binder	0	0	0	ebpf_counter	1	3515	0	0	binder_transaction
MEMO	1779966584000000180	binder	0	0	0	ebpf_counter	1	3515	0	0	binder_transaction
MEMO	1779966584000000181	binder	0	0	0	ebpf_counter	1	3515	0	0	binder_transaction
MEMO	1779966584000000182	binder	0	0	0	ebpf_counter	1	3515	0	0	binder_transaction
MEMO	1779966584000000183	binder	0	0	0	ebpf_counter	1	3515	0	0	binder_transaction
MEMO	1779966584000000184	binder	0	0	0	ebpf_counter	1	3515	0	0	binder_transaction
MEMO	1779966584000000185	binder	0	0	0	ebpf_counter	1	3515	0	0	binder_transaction
MEMO	1779966584000000186	binder	0	0	0	ebpf_counter	1	3515	0	0	binder_transaction
MEMO	1779966584000000187	binder	0	0	0	ebpf_counter	1	3515	0	0	binder_transaction
MEMO	1779966584000000188	binder	0	0	0	ebpf_counter	1	3515	0	0	binder_transaction
MEMO	1779966584000000189	binder	0	0	0	ebpf_counter	1	3515	0	0	binder_transaction
MEMO	1779966584000000190	binder	0	0	0	ebpf_counter	1	3515	0	0	binder_transaction
MEMO	1779966584000000191	binder	0	0	0	ebpf_counter	1	3515	0	0	binder_transaction
MEMO	1779966584000000192	binder	0	0	0	ebpf_counter	1	3515	0	0	binder_transaction
MEMO	1779966584000000193	binder	0	0	0	ebpf_counter	1	3515	0	0	binder_transaction
MEMO	1779966584000000194	binder	0	0	0	ebpf_counter	1	3515	0	0	binder_transaction
MEMO	1779966584000000195	binder	0	0	0	ebpf_counter	1	3515	0	0	binder_transaction
MEMO	1779966584000000196	binder	0	0	0	ebpf_counter	1	3515	0	0	binder_transaction
MEMO	1779966584000000197	binder	0	0	0	ebpf_counter	1	3515	0	0	binder_transaction
MEMO	1779966584000000198	binder	0	0	0	ebpf_counter	1	3515	0	0	binder_transaction
MEMO	1779966584000000199	binder	0	0	0	ebpf_counter	1	3515	0	0	binder_transaction
MEMO	1779966584000000200	binder	0	0	0	ebpf_counter	1	3515	0	0	binder_transaction
MEMO	1779966584000000201	binder	0	0	0	ebpf_counter	1	3515	0	0	binder_transaction
MEMO	1779966584000000202	binder	0	0	0	ebpf_counter	1	3515	0	0	binder_transaction
MEMO	1779966584000000203	binder	0	0	0	ebpf_counter	1	3515	0	0	binder_transaction
MEMO	1779966584000000204	binder	0	0	0	ebpf_counter	1	3515	0	0	binder_transaction
MEMO	1779966584000000205	binder	0	0	0	ebpf_counter	1	3515	0	0	binder_transaction
MEMO	1779966584000000206	binder	0	0	0	ebpf_counter	1	3515	0	0	binder_transaction
MEMO	1779966584000000207	binder	0	0	0	ebpf_counter	1	3515	0	0	binder_transaction
MEMO	1779966584000000208	binder	0	0	0	ebpf_counter	1	3515	0	0	binder_transaction
MEMO	1779966584000000209	binder	0	0	0	ebpf_counter	1	3515	0	0	binder_transaction
MEMO	1779966584000000210	binder	0	0	0	ebpf_counter	1	3515	0	0	binder_transaction
MEMO	1779966584000000211	binder	0	0	0	ebpf_counter	1	3515	0	0	binder_transaction
MEMO	1779966584000000212	binder	0	0	0	ebpf_counter	1	3515	0	0	binder_transaction
MEMO	1779966584000000213	binder	0	0	0	ebpf_counter	1	3515	0	0	binder_transaction
MEMO	1779966584000000214	binder	0	0	0	ebpf_counter	1	3515	0	0	binder_transaction
MEMO	1779966584000000215	binder	0	0	0	ebpf_counter	1	3515	0	0	binder_transaction
MEMO	1779966584000000216	binder	0	0	0	ebpf_counter	1	3515	0	0	binder_transaction
MEMO	1779966584000000217	binder	0	0	0	ebpf_counter	1	3515	0	0	binder_transaction
MEMO	1779966584000000218	binder	0	0	0	ebpf_counter	1	3515	0	0	binder_transaction
MEMO	1779966584000000219	binder	0	0	0	ebpf_counter	1	3515	0	0	binder_transaction
MEMO	1779966584000000220	binder	0	0	0	ebpf_counter	1	3515	0	0	binder_transaction
MEMO	1779966584000000221	binder	0	0	0	ebpf_counter	1	3515	0	0	binder_transaction
MEMO	1779966584000000222	binder	0	0	0	ebpf_counter	1	3515	0	0	binder_transaction
MEMO	1779966584000000223	binder	0	0	0	ebpf_counter	1	3515	0	0	binder_transaction
MEMO	1779966584000000224	binder	0	0	0	ebpf_counter	1	3515	0	0	binder_transaction
MEMO	1779966584000000225	binder	0	0	0	ebpf_counter	1	3515	0	0	binder_transaction
MEMO	1779966584000000226	binder	0	0	0	ebpf_counter	1	3515	0	0	binder_transaction
MEMO	1779966584000000227	binder	0	0	0	ebpf_counter	1	3515	0	0	binder_transaction
MEMO	1779966584000000228	binder	0	0	0	ebpf_counter	1	3515	0	0	binder_transaction
MEMO	1779966584000000229	binder	0	0	0	ebpf_counter	1	3515	0	0	binder_transaction
MEMO	1779966584000000230	binder	0	0	0	ebpf_counter	1	3515	0	0	binder_transaction
MEMO	1779966584000000231	binder	0	0	0	ebpf_counter	1	3515	0	0	binder_transaction
MEMO	1779966584000000232	binder	0	0	0	ebpf_counter	1	3515	0	0	binder_transaction
MEMO	1779966584000000233	binder	0	0	0	ebpf_counter	1	3515	0	0	binder_transaction
MEMO	1779966584000000234	binder	0	0	0	ebpf_counter	1	3515	0	0	binder_transaction
MEMO	1779966584000000235	binder	0	0	0	ebpf_counter	1	3515	0	0	binder_transaction
MEMO	1779966584000000236	binder	0	0	0	ebpf_counter	1	3515	0	0	binder_transaction
MEMO	1779966584000000237	binder	0	0	0	ebpf_counter	1	3515	0	0	binder_transaction
MEMO	1779966584000000238	binder	0	0	0	ebpf_counter	1	3515	0	0	binder_transaction
MEMO	1779966584000000239	binder	0	0	0	ebpf_counter	1	3515	0	0	binder_transaction
MEMO	1779966584000000240	binder	0	0	0	ebpf_counter	1	3515	0	0	binder_transaction
MEMO	1779966584000000241	binder	0	0	0	ebpf_counter	1	3515	0	0	binder_transaction
MEMO	1779966584000000242	binder	0	0	0	ebpf_counter	1	3515	0	0	binder_transaction
MEMO	1779966584000000243	binder	0	0	0	ebpf_counter	1	3515	0	0	binder_transaction
MEMO	1779966584000000244	binder	0	0	0	ebpf_counter	1	3515	0	0	binder_transaction
MEMO	1779966584000000245	binder	0	0	0	ebpf_counter	1	3515	0	0	binder_transaction
MEMO	1779966584000000246	binder	0	0	0	ebpf_counter	1	3515	0	0	binder_transaction
MEMO	1779966584000000247	binder	0	0	0	ebpf_counter	1	3515	0	0	binder_transaction
MEMO	1779966584000000248	binder	0	0	0	ebpf_counter	1	3515	0	0	binder_transaction
MEMO	1779966584000000249	binder	0	0	0	ebpf_counter	1	3515	0	0	binder_transaction
MEMO	1779966584000000250	binder	0	0	0	ebpf_counter	1	3515	0	0	binder_transaction
MEMO	1779966584000000251	binder	0	0	0	ebpf_counter	1	3515	0	0	binder_transaction
MEMO	1779966584000000252	binder	0	0	0	ebpf_counter	1	3515	0	0	binder_transaction
MEMO	1779966584000000253	binder	0	0	0	ebpf_counter	1	3515	0	0	binder_transaction
MEMO	1779966584000000254	binder	0	0	0	ebpf_counter	1	3515	0	0	binder_transaction
MEMO	1779966584000000255	binder	0	0	0	ebpf_counter	1	3515	0	0	binder_transaction
MEMO	1779966584000000256	binder	0	0	0	ebpf_counter	1	3515	0	0	binder_transaction
MEMO	1779966584000000257	binder	0	0	0	ebpf_counter	1	3515	0	0	binder_transaction
MEMO	1779966584000000258	binder	0	0	0	ebpf_counter	1	3515	0	0	binder_transaction
MEMO	1779966584000000259	binder	0	0	0	ebpf_counter	1	3515	0	0	binder_transaction
MEMO	1779966584000000260	binder	0	0	0	ebpf_counter	1	3515	0	0	binder_transaction
MEMO	1779966584000000261	binder	0	0	0	ebpf_counter	1	3515	0	0	binder_transaction
MEMO	1779966584000000262	binder	0	0	0	ebpf_counter	1	3515	0	0	binder_transaction
MEMO	1779966584000000263	binder	0	0	0	ebpf_counter	1	3515	0	0	binder_transaction
MEMO	1779966584000000264	binder	0	0	0	ebpf_counter	1	3515	0	0	binder_transaction
MEMO	1779966584000000265	binder	0	0	0	ebpf_counter	1	3515	0	0	binder_transaction
MEMO	1779966584000000266	binder	0	0	0	ebpf_counter	1	3515	0	0	binder_transaction
MEMO	1779966584000000267	binder	0	0	0	ebpf_counter	1	3515	0	0	binder_transaction
MEMO	1779966584000000268	binder	0	0	0	ebpf_counter	1	3515	0	0	binder_transaction
MEMO	1779966584000000269	binder	0	0	0	ebpf_counter	1	3515	0	0	binder_transaction
MEMO	1779966584000000270	binder	0	0	0	ebpf_counter	1	3515	0	0	binder_transaction
MEMO	1779966584000000271	binder	0	0	0	ebpf_counter	1	3515	0	0	binder_transaction
MEMO	1779966584000000272	binder	0	0	0	ebpf_counter	1	3515	0	0	binder_transaction
MEMO	1779966584000000273	binder	0	0	0	ebpf_counter	1	3515	0	0	binder_transaction
MEMO	1779966584000000274	binder	0	0	0	ebpf_counter	1	3515	0	0	binder_transaction
MEMO	1779966584000000275	binder	0	0	0	ebpf_counter	1	3515	0	0	binder_transaction
MEMO	1779966584000000276	binder	0	0	0	ebpf_counter	1	3515	0	0	binder_transaction
MEMO	1779966584000000277	binder	0	0	0	ebpf_counter	1	3515	0	0	binder_transaction
MEMO	1779966584000000278	binder	0	0	0	ebpf_counter	1	3515	0	0	binder_transaction
MEMO	1779966584000000279	binder	0	0	0	ebpf_counter	1	3515	0	0	binder_transaction
MEMO	1779966584000000280	binder	0	0	0	ebpf_counter	1	3515	0	0	binder_transaction
MEMO	1779966584000000281	binder	0	0	0	ebpf_counter	1	3515	0	0	binder_transaction
MEMO	1779966584000000282	binder	0	0	0	ebpf_counter	1	3515	0	0	binder_transaction
MEMO	1779966584000000283	binder	0	0	0	ebpf_counter	1	3515	0	0	binder_transaction
MEMO	1779966584000000284	binder	0	0	0	ebpf_counter	1	3515	0	0	binder_transaction
MEMO	1779966584000000285	binder	0	0	0	ebpf_counter	1	3515	0	0	binder_transaction
MEMO	1779966584000000286	binder	0	0	0	ebpf_counter	1	3515	0	0	binder_transaction
MEMO	1779966584000000287	binder	0	0	0	ebpf_counter	1	3515	0	0	binder_transaction
MEMO	1779966584000000288	binder	0	0	0	ebpf_counter	1	3515	0	0	binder_transaction
MEMO	1779966584000000289	binder	0	0	0	ebpf_counter	1	3515	0	0	binder_transaction
MEMO	1779966584000000290	binder	0	0	0	ebpf_counter	1	3515	0	0	binder_transaction
MEMO	1779966584000000291	binder	0	0	0	ebpf_counter	1	3515	0	0	binder_transaction
MEMO	1779966584000000292	binder	0	0	0	ebpf_counter	1	3515	0	0	binder_transaction
MEMO	1779966584000000293	binder	0	0	0	ebpf_counter	1	3515	0	0	binder_transaction
MEMO	1779966584000000294	binder	0	0	0	ebpf_counter	1	3515	0	0	binder_transaction
MEMO	1779966584000000295	binder	0	0	0	ebpf_counter	1	3515	0	0	binder_transaction
MEMO	1779966584000000296	binder	0	0	0	ebpf_counter	1	3515	0	0	binder_transaction
MEMO	1779966584000000297	binder	0	0	0	ebpf_counter	1	3515	0	0	binder_transaction
MEMO	1779966584000000298	binder	0	0	0	ebpf_counter	1	3515	0	0	binder_transaction
MEMO	1779966584000000299	binder	0	0	0	ebpf_counter	1	3515	0	0	binder_transaction
MEMO	1779966584000000300	binder	0	0	0	ebpf_counter	1	3515	0	0	binder_transaction
MEMO	1779966584000000301	binder	0	0	0	ebpf_counter	1	3515	0	0	binder_transaction
MEMO	1779966584000000302	binder	0	0	0	ebpf_counter	1	3515	0	0	binder_transaction
MEMO	1779966584000000303	binder	0	0	0	ebpf_counter	1	3515	0	0	binder_transaction
MEMO	1779966584000000304	binder	0	0	0	ebpf_counter	1	3515	0	0	binder_transaction
MEMO	1779966584000000305	binder	0	0	0	ebpf_counter	1	3515	0	0	binder_transaction
MEMO	1779966584000000306	binder	0	0	0	ebpf_counter	1	3515	0	0	binder_transaction
MEMO	1779966584000000307	binder	0	0	0	ebpf_counter	1	3515	0	0	binder_transaction
MEMO	1779966584000000308	binder	0	0	0	ebpf_counter	1	3515	0	0	binder_transaction
MEMO	1779966584000000309	binder	0	0	0	ebpf_counter	1	3515	0	0	binder_transaction
MEMO	1779966584000000310	binder	0	0	0	ebpf_counter	1	3515	0	0	binder_transaction
MEMO	1779966584000000311	binder	0	0	0	ebpf_counter	1	3515	0	0	binder_transaction
MEMO	1779966584000000312	binder	0	0	0	ebpf_counter	1	3515	0	0	binder_transaction
MEMO	1779966584000000313	binder	0	0	0	ebpf_counter	1	3515	0	0	binder_transaction
MEMO	1779966584000000314	binder	0	0	0	ebpf_counter	1	3515	0	0	binder_transaction
MEMO	1779966584000000315	binder	0	0	0	ebpf_counter	1	3515	0	0	binder_transaction
MEMO	1779966584000000316	binder	0	0	0	ebpf_counter	1	3515	0	0	binder_transaction
MEMO	1779966584000000317	binder	0	0	0	ebpf_counter	1	3515	0	0	binder_transaction
MEMO	1779966584000000318	binder	0	0	0	ebpf_counter	1	3515	0	0	binder_transaction
MEMO	1779966584000000319	binder	0	0	0	ebpf_counter	1	3515	0	0	binder_transaction
MEMO	1779966584000000320	binder	0	0	0	ebpf_counter	1	3515	0	0	binder_transaction
MEMO	1779966584000000321	binder	0	0	0	ebpf_counter	1	3515	0	0	binder_transaction
MEMO	1779966584000000322	binder	0	0	0	ebpf_counter	1	3515	0	0	binder_transaction
MEMO	1779966584000000323	binder	0	0	0	ebpf_counter	1	3515	0	0	binder_transaction
MEMO	1779966584000000324	binder	0	0	0	ebpf_counter	1	3515	0	0	binder_transaction
MEMO	1779966584000000325	binder	0	0	0	ebpf_counter	1	3515	0	0	binder_transaction
MEMO	1779966584000000326	binder	0	0	0	ebpf_counter	1	3515	0	0	binder_transaction
MEMO	1779966584000000327	binder	0	0	0	ebpf_counter	1	3515	0	0	binder_transaction
MEMO	1779966584000000328	binder	0	0	0	ebpf_counter	1	3515	0	0	binder_transaction
MEMO	1779966584000000329	binder	0	0	0	ebpf_counter	1	3515	0	0	binder_transaction
MEMO	1779966584000000330	binder	0	0	0	ebpf_counter	1	3515	0	0	binder_transaction
MEMO	1779966584000000331	binder	0	0	0	ebpf_counter	1	3515	0	0	binder_transaction
MEMO	1779966584000000332	binder	0	0	0	ebpf_counter	1	3515	0	0	binder_transaction
MEMO	1779966584000000333	binder	0	0	0	ebpf_counter	1	3515	0	0	binder_transaction
MEMO	1779966584000000334	binder	0	0	0	ebpf_counter	1	3515	0	0	binder_transaction
MEMO	1779966584000000335	binder	0	0	0	ebpf_counter	1	3515	0	0	binder_transaction
MEMO	1779966584000000336	binder	0	0	0	ebpf_counter	1	3515	0	0	binder_transaction
MEMO	1779966584000000337	binder	0	0	0	ebpf_counter	1	3515	0	0	binder_transaction
MEMO	1779966584000000338	binder	0	0	0	ebpf_counter	1	3515	0	0	binder_transaction
MEMO	1779966584000000339	binder	0	0	0	ebpf_counter	1	3515	0	0	binder_transaction
MEMO	1779966584000000340	binder	0	0	0	ebpf_counter	1	3515	0	0	binder_transaction
MEMO	1779966584000000341	binder	0	0	0	ebpf_counter	1	3515	0	0	binder_transaction
MEMO	1779966584000000342	binder	0	0	0	ebpf_counter	1	3515	0	0	binder_transaction
MEMO	1779966584000000343	binder	0	0	0	ebpf_counter	1	3515	0	0	binder_transaction
MEMO	1779966584000000344	binder	0	0	0	ebpf_counter	1	3515	0	0	binder_transaction
MEMO	1779966584000000345	binder	0	0	0	ebpf_counter	1	3515	0	0	binder_transaction
MEMO	1779966584000000346	binder	0	0	0	ebpf_counter	1	3515	0	0	binder_transaction
MEMO	1779966584000000347	binder	0	0	0	ebpf_counter	1	3515	0	0	binder_transaction
MEMO	1779966584000000348	binder	0	0	0	ebpf_counter	1	3515	0	0	binder_transaction
MEMO	1779966584000000349	binder	0	0	0	ebpf_counter	1	3515	0	0	binder_transaction
MEMO	1779966584000000350	binder	0	0	0	ebpf_counter	1	3515	0	0	binder_transaction
MEMO	1779966584000000351	binder	0	0	0	ebpf_counter	1	3515	0	0	binder_transaction
MEMO	1779966584000000352	binder	0	0	0	ebpf_counter	1	3515	0	0	binder_transaction
MEMO	1779966584000000353	binder	0	0	0	ebpf_counter	1	3515	0	0	binder_transaction
MEMO	1779966584000000354	binder	0	0	0	ebpf_counter	1	3515	0	0	binder_transaction
MEMO	1779966584000000355	binder	0	0	0	ebpf_counter	1	3515	0	0	binder_transaction
MEMO	1779966584000000356	binder	0	0	0	ebpf_counter	1	3515	0	0	binder_transaction
MEMO	1779966584000000357	binder	0	0	0	ebpf_counter	1	3515	0	0	binder_transaction
MEMO	1779966584000000358	binder	0	0	0	ebpf_counter	1	3515	0	0	binder_transaction
MEMO	1779966584000000359	binder	0	0	0	ebpf_counter	1	3515	0	0	binder_transaction
MEMO	1779966584000000360	binder	0	0	0	ebpf_counter	1	3515	0	0	binder_transaction
MEMO	1779966584000000361	binder	0	0	0	ebpf_counter	1	3515	0	0	binder_transaction
MEMO	1779966584000000362	binder	0	0	0	ebpf_counter	1	3515	0	0	binder_transaction
MEMO	1779966584000000363	binder	0	0	0	ebpf_counter	1	3515	0	0	binder_transaction
MEMO	1779966584000000364	binder	0	0	0	ebpf_counter	1	3515	0	0	binder_transaction
MEMO	1779966584000000365	binder	0	0	0	ebpf_counter	1	3515	0	0	binder_transaction
MEMO	1779966584000000366	binder	0	0	0	ebpf_counter	1	3515	0	0	binder_transaction
MEMO	1779966584000000367	binder	0	0	0	ebpf_counter	1	3515	0	0	binder_transaction
MEMO	1779966584000000368	binder	0	0	0	ebpf_counter	1	3515	0	0	binder_transaction
MEMO	1779966584000000369	binder	0	0	0	ebpf_counter	1	3515	0	0	binder_transaction
MEMO	1779966584000000370	binder	0	0	0	ebpf_counter	1	3515	0	0	binder_transaction
MEMO	1779966584000000371	binder	0	0	0	ebpf_counter	1	3515	0	0	binder_transaction
MEMO	1779966584000000372	binder	0	0	0	ebpf_counter	1	3515	0	0	binder_transaction
MEMO	1779966584000000373	binder	0	0	0	ebpf_counter	1	3515	0	0	binder_transaction
MEMO	1779966584000000374	binder	0	0	0	ebpf_counter	1	3515	0	0	binder_transaction
MEMO	1779966584000000375	binder	0	0	0	ebpf_counter	1	3515	0	0	binder_transaction
MEMO	1779966584000000376	binder	0	0	0	ebpf_counter	1	3515	0	0	binder_transaction
MEMO	1779966584000000377	binder	0	0	0	ebpf_counter	1	3515	0	0	binder_transaction
MEMO	1779966584000000378	binder	0	0	0	ebpf_counter	1	3515	0	0	binder_transaction
MEMO	1779966584000000379	binder	0	0	0	ebpf_counter	1	3515	0	0	binder_transaction
MEMO	1779966584000000380	binder	0	0	0	ebpf_counter	1	3515	0	0	binder_transaction
MEMO	1779966584000000381	binder	0	0	0	ebpf_counter	1	3515	0	0	binder_transaction
MEMO	1779966584000000382	binder	0	0	0	ebpf_counter	1	3515	0	0	binder_transaction
MEMO	1779966584000000383	binder	0	0	0	ebpf_counter	1	3515	0	0	binder_transaction
MEMO	1779966584000000384	binder	0	0	0	ebpf_counter	1	3515	0	0	binder_transaction
MEMO	1779966584000000385	binder	0	0	0	ebpf_counter	1	3515	0	0	binder_transaction
MEMO	1779966584000000386	binder	0	0	0	ebpf_counter	1	3515	0	0	binder_transaction
MEMO	1779966584000000387	binder	0	0	0	ebpf_counter	1	3515	0	0	binder_transaction
MEMO	1779966584000000388	binder	0	0	0	ebpf_counter	1	3515	0	0	binder_transaction
MEMO	1779966584000000389	binder	0	0	0	ebpf_counter	1	3515	0	0	binder_transaction
MEMO	1779966584000000390	binder	0	0	0	ebpf_counter	1	3515	0	0	binder_transaction
MEMO	1779966584000000391	binder	0	0	0	ebpf_counter	1	3515	0	0	binder_transaction
MEMO	1779966584000000392	binder	0	0	0	ebpf_counter	1	3515	0	0	binder_transaction
MEMO	1779966584000000393	binder	0	0	0	ebpf_counter	1	3515	0	0	binder_transaction
MEMO	1779966584000000394	binder	0	0	0	ebpf_counter	1	3515	0	0	binder_transaction
MEMO	1779966584000000395	binder	0	0	0	ebpf_counter	1	3515	0	0	binder_transaction
MEMO	1779966584000000396	binder	0	0	0	ebpf_counter	1	3515	0	0	binder_transaction
MEMO	1779966584000000397	binder	0	0	0	ebpf_counter	1	3515	0	0	binder_transaction
MEMO	1779966584000000398	binder	0	0	0	ebpf_counter	1	3515	0	0	binder_transaction
MEMO	1779966584000000399	binder	0	0	0	ebpf_counter	1	3515	0	0	binder_transaction
MEMO	1779966584000000400	file	0	0	0	ebpf_counter	2	10485	0	0	openat
MEMO	1779966584000000401	file	0	0	0	ebpf_counter	2	10485	0	0	openat
MEMO	1779966584000000402	file	0	0	0	ebpf_counter	2	10485	0	0	openat
MEMO	1779966584000000403	file	0	0	0	ebpf_counter	2	10485	0	0	openat
MEMO	1779966584000000404	file	0	0	0	ebpf_counter	2	10485	0	0	openat
MEMO	1779966584000000405	file	0	0	0	ebpf_counter	2	10485	0	0	openat
MEMO	1779966584000000406	file	0	0	0	ebpf_counter	2	10485	0	0	openat
MEMO	1779966584000000407	file	0	0	0	ebpf_counter	2	10485	0	0	openat
MEMO	1779966584000000408	file	0	0	0	ebpf_counter	2	10485	0	0	openat
MEMO	1779966584000000409	file	0	0	0	ebpf_counter	2	10485	0	0	openat
MEMO	1779966584000000410	file	0	0	0	ebpf_counter	2	10485	0	0	openat
MEMO	1779966584000000411	file	0	0	0	ebpf_counter	2	10485	0	0	openat
MEMO	1779966584000000412	file	0	0	0	ebpf_counter	2	10485	0	0	openat
MEMO	1779966584000000413	file	0	0	0	ebpf_counter	2	10485	0	0	openat
MEMO	1779966584000000414	file	0	0	0	ebpf_counter	2	10485	0	0	openat
MEMO	1779966584000000415	file	0	0	0	ebpf_counter	2	10485	0	0	openat
MEMO	1779966584000000416	file	0	0	0	ebpf_counter	2	10485	0	0	openat
MEMO	1779966584000000417	file	0	0	0	ebpf_counter	2	10485	0	0	openat
MEMO	1779966584000000418	file	0	0	0	ebpf_counter	2	10485	0	0	openat
MEMO	1779966584000000419	file	0	0	0	ebpf_counter	2	10485	0	0	openat
MEMO	1779966584000000420	file	0	0	0	ebpf_counter	2	10485	0	0	openat
MEMO	1779966584000000421	file	0	0	0	ebpf_counter	2	10485	0	0	openat
MEMO	1779966584000000422	file	0	0	0	ebpf_counter	2	10485	0	0	openat
MEMO	1779966584000000423	file	0	0	0	ebpf_counter	2	10485	0	0	openat
MEMO	1779966584000000424	file	0	0	0	ebpf_counter	2	10485	0	0	openat
MEMO	1779966584000000425	file	0	0	0	ebpf_counter	2	10485	0	0	openat
MEMO	1779966584000000426	file	0	0	0	ebpf_counter	2	10485	0	0	openat
MEMO	1779966584000000427	file	0	0	0	ebpf_counter	2	10485	0	0	openat
MEMO	1779966584000000428	file	0	0	0	ebpf_counter	2	10485	0	0	openat
MEMO	1779966584000000429	file	0	0	0	ebpf_counter	2	10485	0	0	openat
MEMO	1779966584000000430	file	0	0	0	ebpf_counter	2	10485	0	0	openat
MEMO	1779966584000000431	file	0	0	0	ebpf_counter	2	10485	0	0	openat
MEMO	1779966584000000432	file	0	0	0	ebpf_counter	2	10485	0	0	openat
MEMO	1779966584000000433	file	0	0	0	ebpf_counter	2	10485	0	0	openat
MEMO	1779966584000000434	file	0	0	0	ebpf_counter	2	10485	0	0	openat
MEMO	1779966584000000435	file	0	0	0	ebpf_counter	2	10485	0	0	openat
MEMO	1779966584000000436	file	0	0	0	ebpf_counter	2	10485	0	0	openat
MEMO	1779966584000000437	file	0	0	0	ebpf_counter	2	10485	0	0	openat
MEMO	1779966584000000438	file	0	0	0	ebpf_counter	2	10485	0	0	openat
MEMO	1779966584000000439	file	0	0	0	ebpf_counter	2	10485	0	0	openat
MEMO	1779966584000000440	file	0	0	0	ebpf_counter	2	10485	0	0	openat
MEMO	1779966584000000441	file	0	0	0	ebpf_counter	2	10485	0	0	openat
MEMO	1779966584000000442	file	0	0	0	ebpf_counter	2	10485	0	0	openat
MEMO	1779966584000000443	file	0	0	0	ebpf_counter	2	10485	0	0	openat
MEMO	1779966584000000444	file	0	0	0	ebpf_counter	2	10485	0	0	openat
MEMO	1779966584000000445	file	0	0	0	ebpf_counter	2	10485	0	0	openat
MEMO	1779966584000000446	file	0	0	0	ebpf_counter	2	10485	0	0	openat
MEMO	1779966584000000447	file	0	0	0	ebpf_counter	2	10485	0	0	openat
MEMO	1779966584000000448	file	0	0	0	ebpf_counter	2	10485	0	0	openat
MEMO	1779966584000000449	file	0	0	0	ebpf_counter	2	10485	0	0	openat
MEMO	1779966584000000450	file	0	0	0	ebpf_counter	2	10485	0	0	openat
MEMO	1779966584000000451	file	0	0	0	ebpf_counter	2	10485	0	0	openat
MEMO	1779966584000000452	file	0	0	0	ebpf_counter	2	10485	0	0	openat
MEMO	1779966584000000453	file	0	0	0	ebpf_counter	2	10485	0	0	openat
MEMO	1779966584000000454	file	0	0	0	ebpf_counter	2	10485	0	0	openat
MEMO	1779966584000000455	file	0	0	0	ebpf_counter	2	10485	0	0	openat
MEMO	1779966584000000456	file	0	0	0	ebpf_counter	2	10485	0	0	openat
MEMO	1779966584000000457	file	0	0	0	ebpf_counter	2	10485	0	0	openat
MEMO	1779966584000000458	file	0	0	0	ebpf_counter	2	10485	0	0	openat
MEMO	1779966584000000459	file	0	0	0	ebpf_counter	2	10485	0	0	openat
MEMO	1779966584000000460	file	0	0	0	ebpf_counter	2	10485	0	0	openat
MEMO	1779966584000000461	file	0	0	0	ebpf_counter	2	10485	0	0	openat
MEMO	1779966584000000462	file	0	0	0	ebpf_counter	2	10485	0	0	openat
MEMO	1779966584000000463	file	0	0	0	ebpf_counter	2	10485	0	0	openat
MEMO	1779966584000000464	file	0	0	0	ebpf_counter	2	10485	0	0	openat
MEMO	1779966584000000465	file	0	0	0	ebpf_counter	2	10485	0	0	openat
MEMO	1779966584000000466	file	0	0	0	ebpf_counter	2	10485	0	0	openat
MEMO	1779966584000000467	file	0	0	0	ebpf_counter	2	10485	0	0	openat
MEMO	1779966584000000468	file	0	0	0	ebpf_counter	2	10485	0	0	openat
MEMO	1779966584000000469	file	0	0	0	ebpf_counter	2	10485	0	0	openat
MEMO	1779966584000000470	file	0	0	0	ebpf_counter	2	10485	0	0	openat
MEMO	1779966584000000471	file	0	0	0	ebpf_counter	2	10485	0	0	openat
MEMO	1779966584000000472	file	0	0	0	ebpf_counter	2	10485	0	0	openat
MEMO	1779966584000000473	file	0	0	0	ebpf_counter	2	10485	0	0	openat
MEMO	1779966584000000474	file	0	0	0	ebpf_counter	2	10485	0	0	openat
MEMO	1779966584000000475	file	0	0	0	ebpf_counter	2	10485	0	0	openat
MEMO	1779966584000000476	file	0	0	0	ebpf_counter	2	10485	0	0	openat
MEMO	1779966584000000477	file	0	0	0	ebpf_counter	2	10485	0	0	openat
MEMO	1779966584000000478	file	0	0	0	ebpf_counter	2	10485	0	0	openat
MEMO	1779966584000000479	file	0	0	0	ebpf_counter	2	10485	0	0	openat
MEMO	1779966584000000480	file	0	0	0	ebpf_counter	2	10485	0	0	openat
MEMO	1779966584000000481	file	0	0	0	ebpf_counter	2	10485	0	0	openat
MEMO	1779966584000000482	file	0	0	0	ebpf_counter	2	10485	0	0	openat
MEMO	1779966584000000483	file	0	0	0	ebpf_counter	2	10485	0	0	openat
MEMO	1779966584000000484	file	0	0	0	ebpf_counter	2	10485	0	0	openat
MEMO	1779966584000000485	file	0	0	0	ebpf_counter	2	10485	0	0	openat
MEMO	1779966584000000486	file	0	0	0	ebpf_counter	2	10485	0	0	openat
MEMO	1779966584000000487	file	0	0	0	ebpf_counter	2	10485	0	0	openat
MEMO	1779966584000000488	file	0	0	0	ebpf_counter	2	10485	0	0	openat
MEMO	1779966584000000489	file	0	0	0	ebpf_counter	2	10485	0	0	openat
MEMO	1779966584000000490	file	0	0	0	ebpf_counter	2	10485	0	0	openat
MEMO	1779966584000000491	file	0	0	0	ebpf_counter	2	10485	0	0	openat
MEMO	1779966584000000492	file	0	0	0	ebpf_counter	2	10485	0	0	openat
MEMO	1779966584000000493	file	0	0	0	ebpf_counter	2	10485	0	0	openat
MEMO	1779966584000000494	file	0	0	0	ebpf_counter	2	10485	0	0	openat
MEMO	1779966584000000495	file	0	0	0	ebpf_counter	2	10485	0	0	openat
MEMO	1779966584000000496	file	0	0	0	ebpf_counter	2	10485	0	0	openat
MEMO	1779966584000000497	file	0	0	0	ebpf_counter	2	10485	0	0	openat
MEMO	1779966584000000498	file	0	0	0	ebpf_counter	2	10485	0	0	openat
MEMO	1779966584000000499	file	0	0	0	ebpf_counter	2	10485	0	0	openat
MEMO	1779966584000000500	file	0	0	0	ebpf_counter	2	10485	0	0	openat
MEMO	1779966584000000501	file	0	0	0	ebpf_counter	2	10485	0	0	openat
MEMO	1779966584000000502	file	0	0	0	ebpf_counter	2	10485	0	0	openat
MEMO	1779966584000000503	file	0	0	0	ebpf_counter	2	10485	0	0	openat
MEMO	1779966584000000504	file	0	0	0	ebpf_counter	2	10485	0	0	openat
MEMO	1779966584000000505	file	0	0	0	ebpf_counter	2	10485	0	0	openat
MEMO	1779966584000000506	file	0	0	0	ebpf_counter	2	10485	0	0	openat
MEMO	1779966584000000507	file	0	0	0	ebpf_counter	2	10485	0	0	openat
MEMO	1779966584000000508	file	0	0	0	ebpf_counter	2	10485	0	0	openat
MEMO	1779966584000000509	file	0	0	0	ebpf_counter	2	10485	0	0	openat
MEMO	1779966584000000510	file	0	0	0	ebpf_counter	2	10485	0	0	openat
MEMO	1779966584000000511	file	0	0	0	ebpf_counter	2	10485	0	0	openat
MEMO	1779966584000000512	file	0	0	0	ebpf_counter	2	10485	0	0	openat
MEMO	1779966584000000513	file	0	0	0	ebpf_counter	2	10485	0	0	openat
MEMO	1779966584000000514	file	0	0	0	ebpf_counter	2	10485	0	0	openat
MEMO	1779966584000000515	file	0	0	0	ebpf_counter	2	10485	0	0	openat
MEMO	1779966584000000516	file	0	0	0	ebpf_counter	2	10485	0	0	openat
MEMO	1779966584000000517	file	0	0	0	ebpf_counter	2	10485	0	0	openat
MEMO	1779966584000000518	file	0	0	0	ebpf_counter	2	10485	0	0	openat
MEMO	1779966584000000519	file	0	0	0	ebpf_counter	2	10485	0	0	openat
MEMO	1779966584000000520	file	0	0	0	ebpf_counter	2	10485	0	0	openat
MEMO	1779966584000000521	file	0	0	0	ebpf_counter	2	10485	0	0	openat
MEMO	1779966584000000522	file	0	0	0	ebpf_counter	2	10485	0	0	openat
MEMO	1779966584000000523	file	0	0	0	ebpf_counter	2	10485	0	0	openat
MEMO	1779966584000000524	file	0	0	0	ebpf_counter	2	10485	0	0	openat
MEMO	1779966584000000525	file	0	0	0	ebpf_counter	2	10485	0	0	openat
MEMO	1779966584000000526	file	0	0	0	ebpf_counter	2	10485	0	0	openat
MEMO	1779966584000000527	file	0	0	0	ebpf_counter	2	10485	0	0	openat
MEMO	1779966584000000528	file	0	0	0	ebpf_counter	2	10485	0	0	openat
MEMO	1779966584000000529	file	0	0	0	ebpf_counter	2	10485	0	0	openat
MEMO	1779966584000000530	file	0	0	0	ebpf_counter	2	10485	0	0	openat
MEMO	1779966584000000531	file	0	0	0	ebpf_counter	2	10485	0	0	openat
MEMO	1779966584000000532	file	0	0	0	ebpf_counter	2	10485	0	0	openat
MEMO	1779966584000000533	file	0	0	0	ebpf_counter	2	10485	0	0	openat
MEMO	1779966584000000534	file	0	0	0	ebpf_counter	2	10485	0	0	openat
MEMO	1779966584000000535	file	0	0	0	ebpf_counter	2	10485	0	0	openat
MEMO	1779966584000000536	file	0	0	0	ebpf_counter	2	10485	0	0	openat
MEMO	1779966584000000537	file	0	0	0	ebpf_counter	2	10485	0	0	openat
MEMO	1779966584000000538	file	0	0	0	ebpf_counter	2	10485	0	0	openat
MEMO	1779966584000000539	file	0	0	0	ebpf_counter	2	10485	0	0	openat
MEMO	1779966584000000540	file	0	0	0	ebpf_counter	2	10485	0	0	openat
MEMO	1779966584000000541	file	0	0	0	ebpf_counter	2	10485	0	0	openat
MEMO	1779966584000000542	file	0	0	0	ebpf_counter	2	10485	0	0	openat
MEMO	1779966584000000543	file	0	0	0	ebpf_counter	2	10485	0	0	openat
MEMO	1779966584000000544	file	0	0	0	ebpf_counter	2	10485	0	0	openat
MEMO	1779966584000000545	file	0	0	0	ebpf_counter	2	10485	0	0	openat
MEMO	1779966584000000546	file	0	0	0	ebpf_counter	2	10485	0	0	openat
MEMO	1779966584000000547	file	0	0	0	ebpf_counter	2	10485	0	0	openat
MEMO	1779966584000000548	file	0	0	0	ebpf_counter	2	10485	0	0	openat
MEMO	1779966584000000549	file	0	0	0	ebpf_counter	2	10485	0	0	openat
MEMO	1779966584000000550	file	0	0	0	ebpf_counter	2	10485	0	0	openat
MEMO	1779966584000000551	file	0	0	0	ebpf_counter	2	10485	0	0	openat
MEMO	1779966584000000552	file	0	0	0	ebpf_counter	2	10485	0	0	openat
MEMO	1779966584000000553	file	0	0	0	ebpf_counter	2	10485	0	0	openat
MEMO	1779966584000000554	file	0	0	0	ebpf_counter	2	10485	0	0	openat
MEMO	1779966584000000555	file	0	0	0	ebpf_counter	2	10485	0	0	openat
MEMO	1779966584000000556	file	0	0	0	ebpf_counter	2	10485	0	0	openat
MEMO	1779966584000000557	file	0	0	0	ebpf_counter	2	10485	0	0	openat
MEMO	1779966584000000558	file	0	0	0	ebpf_counter	2	10485	0	0	openat
MEMO	1779966584000000559	file	0	0	0	ebpf_counter	2	10485	0	0	openat
MEMO	1779966584000000560	file	0	0	0	ebpf_counter	2	10485	0	0	openat
MEMO	1779966584000000561	file	0	0	0	ebpf_counter	2	10485	0	0	openat
MEMO	1779966584000000562	file	0	0	0	ebpf_counter	2	10485	0	0	openat
MEMO	1779966584000000563	file	0	0	0	ebpf_counter	2	10485	0	0	openat
MEMO	1779966584000000564	file	0	0	0	ebpf_counter	2	10485	0	0	openat
MEMO	1779966584000000565	file	0	0	0	ebpf_counter	2	10485	0	0	openat
MEMO	1779966584000000566	file	0	0	0	ebpf_counter	2	10485	0	0	openat
MEMO	1779966584000000567	file	0	0	0	ebpf_counter	2	10485	0	0	openat
MEMO	1779966584000000568	file	0	0	0	ebpf_counter	2	10485	0	0	openat
MEMO	1779966584000000569	file	0	0	0	ebpf_counter	2	10485	0	0	openat
MEMO	1779966584000000570	file	0	0	0	ebpf_counter	2	10485	0	0	openat
MEMO	1779966584000000571	file	0	0	0	ebpf_counter	2	10485	0	0	openat
MEMO	1779966584000000572	file	0	0	0	ebpf_counter	2	10485	0	0	openat
MEMO	1779966584000000573	file	0	0	0	ebpf_counter	2	10485	0	0	openat
MEMO	1779966584000000574	file	0	0	0	ebpf_counter	2	10485	0	0	openat
MEMO	1779966584000000575	file	0	0	0	ebpf_counter	2	10485	0	0	openat
MEMO	1779966584000000576	file	0	0	0	ebpf_counter	2	10485	0	0	openat
MEMO	1779966584000000577	file	0	0	0	ebpf_counter	2	10485	0	0	openat
MEMO	1779966584000000578	file	0	0	0	ebpf_counter	2	10485	0	0	openat
MEMO	1779966584000000579	file	0	0	0	ebpf_counter	2	10485	0	0	openat
MEMO	1779966584000000580	file	0	0	0	ebpf_counter	2	10485	0	0	openat
MEMO	1779966584000000581	file	0	0	0	ebpf_counter	2	10485	0	0	openat
MEMO	1779966584000000582	file	0	0	0	ebpf_counter	2	10485	0	0	openat
MEMO	1779966584000000583	file	0	0	0	ebpf_counter	2	10485	0	0	openat
MEMO	1779966584000000584	file	0	0	0	ebpf_counter	2	10485	0	0	openat
MEMO	1779966584000000585	file	0	0	0	ebpf_counter	2	10485	0	0	openat
MEMO	1779966584000000586	file	0	0	0	ebpf_counter	2	10485	0	0	openat
MEMO	1779966584000000587	file	0	0	0	ebpf_counter	2	10485	0	0	openat
MEMO	1779966584000000588	file	0	0	0	ebpf_counter	2	10485	0	0	openat
MEMO	1779966584000000589	file	0	0	0	ebpf_counter	2	10485	0	0	openat
MEMO	1779966584000000590	file	0	0	0	ebpf_counter	2	10485	0	0	openat
MEMO	1779966584000000591	file	0	0	0	ebpf_counter	2	10485	0	0	openat
MEMO	1779966584000000592	file	0	0	0	ebpf_counter	2	10485	0	0	openat
MEMO	1779966584000000593	file	0	0	0	ebpf_counter	2	10485	0	0	openat
MEMO	1779966584000000594	file	0	0	0	ebpf_counter	2	10485	0	0	openat
MEMO	1779966584000000595	file	0	0	0	ebpf_counter	2	10485	0	0	openat
MEMO	1779966584000000596	file	0	0	0	ebpf_counter	2	10485	0	0	openat
MEMO	1779966584000000597	file	0	0	0	ebpf_counter	2	10485	0	0	openat
MEMO	1779966584000000598	file	0	0	0	ebpf_counter	2	10485	0	0	openat
MEMO	1779966584000000599	file	0	0	0	ebpf_counter	2	10485	0	0	openat
MEMO	1779966584000000600	file	0	0	0	ebpf_counter	2	10485	0	0	openat
MEMO	1779966584000000601	file	0	0	0	ebpf_counter	2	10485	0	0	openat
MEMO	1779966584000000602	file	0	0	0	ebpf_counter	2	10485	0	0	openat
MEMO	1779966584000000603	file	0	0	0	ebpf_counter	2	10485	0	0	openat
MEMO	1779966584000000604	file	0	0	0	ebpf_counter	2	10485	0	0	openat
MEMO	1779966584000000605	file	0	0	0	ebpf_counter	2	10485	0	0	openat
MEMO	1779966584000000606	file	0	0	0	ebpf_counter	2	10485	0	0	openat
MEMO	1779966584000000607	file	0	0	0	ebpf_counter	2	10485	0	0	openat
MEMO	1779966584000000608	file	0	0	0	ebpf_counter	2	10485	0	0	openat
MEMO	1779966584000000609	file	0	0	0	ebpf_counter	2	10485	0	0	openat
MEMO	1779966584000000610	file	0	0	0	ebpf_counter	2	10485	0	0	openat
MEMO	1779966584000000611	file	0	0	0	ebpf_counter	2	10485	0	0	openat
MEMO	1779966584000000612	file	0	0	0	ebpf_counter	2	10485	0	0	openat
MEMO	1779966584000000613	file	0	0	0	ebpf_counter	2	10485	0	0	openat
MEMO	1779966584000000614	file	0	0	0	ebpf_counter	2	10485	0	0	openat
MEMO	1779966584000000615	file	0	0	0	ebpf_counter	2	10485	0	0	openat
MEMO	1779966584000000616	file	0	0	0	ebpf_counter	2	10485	0	0	openat
MEMO	1779966584000000617	file	0	0	0	ebpf_counter	2	10485	0	0	openat
MEMO	1779966584000000618	file	0	0	0	ebpf_counter	2	10485	0	0	openat
MEMO	1779966584000000619	file	0	0	0	ebpf_counter	2	10485	0	0	openat
MEMO	1779966584000000620	file	0	0	0	ebpf_counter	2	10485	0	0	openat
MEMO	1779966584000000621	file	0	0	0	ebpf_counter	2	10485	0	0	openat
MEMO	1779966584000000622	file	0	0	0	ebpf_counter	2	10485	0	0	openat
MEMO	1779966584000000623	file	0	0	0	ebpf_counter	2	10485	0	0	openat
MEMO	1779966584000000624	file	0	0	0	ebpf_counter	2	10485	0	0	openat
MEMO	1779966584000000625	file	0	0	0	ebpf_counter	2	10485	0	0	openat
MEMO	1779966584000000626	file	0	0	0	ebpf_counter	2	10485	0	0	openat
MEMO	1779966584000000627	file	0	0	0	ebpf_counter	2	10485	0	0	openat
MEMO	1779966584000000628	file	0	0	0	ebpf_counter	2	10485	0	0	openat
MEMO	1779966584000000629	file	0	0	0	ebpf_counter	2	10485	0	0	openat
MEMO	1779966584000000630	file	0	0	0	ebpf_counter	2	10485	0	0	openat
MEMO	1779966584000000631	file	0	0	0	ebpf_counter	2	10485	0	0	openat
MEMO	1779966584000000632	file	0	0	0	ebpf_counter	2	10485	0	0	openat
MEMO	1779966584000000633	file	0	0	0	ebpf_counter	2	10485	0	0	openat
MEMO	1779966584000000634	file	0	0	0	ebpf_counter	2	10485	0	0	openat
MEMO	1779966584000000635	file	0	0	0	ebpf_counter	2	10485	0	0	openat
MEMO	1779966584000000636	file	0	0	0	ebpf_counter	2	10485	0	0	openat
MEMO	1779966584000000637	file	0	0	0	ebpf_counter	2	10485	0	0	openat
MEMO	1779966584000000638	file	0	0	0	ebpf_counter	2	10485	0	0	openat
MEMO	1779966584000000639	file	0	0	0	ebpf_counter	2	10485	0	0	openat
MEMO	1779966584000000640	file	0	0	0	ebpf_counter	2	10485	0	0	openat
MEMO	1779966584000000641	file	0	0	0	ebpf_counter	2	10485	0	0	openat
MEMO	1779966584000000642	file	0	0	0	ebpf_counter	2	10485	0	0	openat
MEMO	1779966584000000643	file	0	0	0	ebpf_counter	2	10485	0	0	openat
MEMO	1779966584000000644	file	0	0	0	ebpf_counter	2	10485	0	0	openat
MEMO	1779966584000000645	file	0	0	0	ebpf_counter	2	10485	0	0	openat
MEMO	1779966584000000646	file	0	0	0	ebpf_counter	2	10485	0	0	openat
MEMO	1779966584000000647	file	0	0	0	ebpf_counter	2	10485	0	0	openat
MEMO	1779966584000000648	file	0	0	0	ebpf_counter	2	10485	0	0	openat
MEMO	1779966584000000649	file	0	0	0	ebpf_counter	2	10485	0	0	openat
MEMO	1779966584000000650	file	0	0	0	ebpf_counter	2	10485	0	0	openat
MEMO	1779966584000000651	file	0	0	0	ebpf_counter	2	10485	0	0	openat
MEMO	1779966584000000652	file	0	0	0	ebpf_counter	2	10485	0	0	openat
MEMO	1779966584000000653	file	0	0	0	ebpf_counter	2	10485	0	0	openat
MEMO	1779966584000000654	file	0	0	0	ebpf_counter	2	10485	0	0	openat
MEMO	1779966584000000655	file	0	0	0	ebpf_counter	2	10485	0	0	openat
MEMO	1779966584000000656	file	0	0	0	ebpf_counter	2	10485	0	0	openat
MEMO	1779966584000000657	file	0	0	0	ebpf_counter	2	10485	0	0	openat
MEMO	1779966584000000658	file	0	0	0	ebpf_counter	2	10485	0	0	openat
MEMO	1779966584000000659	file	0	0	0	ebpf_counter	2	10485	0	0	openat
MEMO	1779966584000000660	file	0	0	0	ebpf_counter	2	10485	0	0	openat
MEMO	1779966584000000661	file	0	0	0	ebpf_counter	2	10485	0	0	openat
MEMO	1779966584000000662	file	0	0	0	ebpf_counter	2	10485	0	0	openat
MEMO	1779966584000000663	file	0	0	0	ebpf_counter	2	10485	0	0	openat
MEMO	1779966584000000664	file	0	0	0	ebpf_counter	2	10485	0	0	openat
MEMO	1779966584000000665	file	0	0	0	ebpf_counter	2	10485	0	0	openat
MEMO	1779966584000000666	file	0	0	0	ebpf_counter	2	10485	0	0	openat
MEMO	1779966584000000667	file	0	0	0	ebpf_counter	2	10485	0	0	openat
MEMO	1779966584000000668	file	0	0	0	ebpf_counter	2	10485	0	0	openat
MEMO	1779966584000000669	file	0	0	0	ebpf_counter	2	10485	0	0	openat
MEMO	1779966584000000670	file	0	0	0	ebpf_counter	2	10485	0	0	openat
MEMO	1779966584000000671	file	0	0	0	ebpf_counter	2	10485	0	0	openat
MEMO	1779966584000000672	file	0	0	0	ebpf_counter	2	10485	0	0	openat
MEMO	1779966584000000673	file	0	0	0	ebpf_counter	2	10485	0	0	openat
MEMO	1779966584000000674	file	0	0	0	ebpf_counter	2	10485	0	0	openat
MEMO	1779966584000000675	file	0	0	0	ebpf_counter	2	10485	0	0	openat
MEMO	1779966584000000676	file	0	0	0	ebpf_counter	2	10485	0	0	openat
MEMO	1779966584000000677	file	0	0	0	ebpf_counter	2	10485	0	0	openat
MEMO	1779966584000000678	file	0	0	0	ebpf_counter	2	10485	0	0	openat
MEMO	1779966584000000679	file	0	0	0	ebpf_counter	2	10485	0	0	openat
MEMO	1779966584000000680	file	0	0	0	ebpf_counter	2	10485	0	0	openat
MEMO	1779966584000000681	file	0	0	0	ebpf_counter	2	10485	0	0	openat
MEMO	1779966584000000682	file	0	0	0	ebpf_counter	2	10485	0	0	openat
MEMO	1779966584000000683	file	0	0	0	ebpf_counter	2	10485	0	0	openat
MEMO	1779966584000000684	file	0	0	0	ebpf_counter	2	10485	0	0	openat
MEMO	1779966584000000685	file	0	0	0	ebpf_counter	2	10485	0	0	openat
MEMO	1779966584000000686	file	0	0	0	ebpf_counter	2	10485	0	0	openat
MEMO	1779966584000000687	file	0	0	0	ebpf_counter	2	10485	0	0	openat
MEMO	1779966584000000688	file	0	0	0	ebpf_counter	2	10485	0	0	openat
MEMO	1779966584000000689	file	0	0	0	ebpf_counter	2	10485	0	0	openat
MEMO	1779966584000000690	file	0	0	0	ebpf_counter	2	10485	0	0	openat
MEMO	1779966584000000691	file	0	0	0	ebpf_counter	2	10485	0	0	openat
MEMO	1779966584000000692	file	0	0	0	ebpf_counter	2	10485	0	0	openat
MEMO	1779966584000000693	file	0	0	0	ebpf_counter	2	10485	0	0	openat
MEMO	1779966584000000694	file	0	0	0	ebpf_counter	2	10485	0	0	openat
MEMO	1779966584000000695	file	0	0	0	ebpf_counter	2	10485	0	0	openat
MEMO	1779966584000000696	file	0	0	0	ebpf_counter	2	10485	0	0	openat
MEMO	1779966584000000697	file	0	0	0	ebpf_counter	2	10485	0	0	openat
MEMO	1779966584000000698	file	0	0	0	ebpf_counter	2	10485	0	0	openat
MEMO	1779966584000000699	file	0	0	0	ebpf_counter	2	10485	0	0	openat
MEMO	1779966584000000700	file	0	0	0	ebpf_counter	2	10485	0	0	openat
MEMO	1779966584000000701	file	0	0	0	ebpf_counter	2	10485	0	0	openat
MEMO	1779966584000000702	file	0	0	0	ebpf_counter	2	10485	0	0	openat
MEMO	1779966584000000703	file	0	0	0	ebpf_counter	2	10485	0	0	openat
MEMO	1779966584000000704	file	0	0	0	ebpf_counter	2	10485	0	0	openat
MEMO	1779966584000000705	file	0	0	0	ebpf_counter	2	10485	0	0	openat
MEMO	1779966584000000706	file	0	0	0	ebpf_counter	2	10485	0	0	openat
MEMO	1779966584000000707	file	0	0	0	ebpf_counter	2	10485	0	0	openat
MEMO	1779966584000000708	file	0	0	0	ebpf_counter	2	10485	0	0	openat
MEMO	1779966584000000709	file	0	0	0	ebpf_counter	2	10485	0	0	openat
MEMO	1779966584000000710	file	0	0	0	ebpf_counter	2	10485	0	0	openat
MEMO	1779966584000000711	file	0	0	0	ebpf_counter	2	10485	0	0	openat
MEMO	1779966584000000712	file	0	0	0	ebpf_counter	2	10485	0	0	openat
MEMO	1779966584000000713	file	0	0	0	ebpf_counter	2	10485	0	0	openat
MEMO	1779966584000000714	file	0	0	0	ebpf_counter	2	10485	0	0	openat
MEMO	1779966584000000715	file	0	0	0	ebpf_counter	2	10485	0	0	openat
MEMO	1779966584000000716	file	0	0	0	ebpf_counter	2	10485	0	0	openat
MEMO	1779966584000000717	file	0	0	0	ebpf_counter	2	10485	0	0	openat
MEMO	1779966584000000718	file	0	0	0	ebpf_counter	2	10485	0	0	openat
MEMO	1779966584000000719	file	0	0	0	ebpf_counter	2	10485	0	0	openat
MEMO	1779966584000000720	file	0	0	0	ebpf_counter	2	10485	0	0	openat
MEMO	1779966584000000721	file	0	0	0	ebpf_counter	2	10485	0	0	openat
MEMO	1779966584000000722	file	0	0	0	ebpf_counter	2	10485	0	0	openat
MEMO	1779966584000000723	file	0	0	0	ebpf_counter	2	10485	0	0	openat
MEMO	1779966584000000724	file	0	0	0	ebpf_counter	2	10485	0	0	openat
MEMO	1779966584000000725	file	0	0	0	ebpf_counter	2	10485	0	0	openat
MEMO	1779966584000000726	file	0	0	0	ebpf_counter	2	10485	0	0	openat
MEMO	1779966584000000727	file	0	0	0	ebpf_counter	2	10485	0	0	openat
MEMO	1779966584000000728	file	0	0	0	ebpf_counter	2	10485	0	0	openat
MEMO	1779966584000000729	file	0	0	0	ebpf_counter	2	10485	0	0	openat
MEMO	1779966584000000730	file	0	0	0	ebpf_counter	2	10485	0	0	openat
MEMO	1779966584000000731	file	0	0	0	ebpf_counter	2	10485	0	0	openat
MEMO	1779966584000000732	file	0	0	0	ebpf_counter	2	10485	0	0	openat
MEMO	1779966584000000733	file	0	0	0	ebpf_counter	2	10485	0	0	openat
MEMO	1779966584000000734	file	0	0	0	ebpf_counter	2	10485	0	0	openat
MEMO	1779966584000000735	file	0	0	0	ebpf_counter	2	10485	0	0	openat
MEMO	1779966584000000736	file	0	0	0	ebpf_counter	2	10485	0	0	openat
MEMO	1779966584000000737	file	0	0	0	ebpf_counter	2	10485	0	0	openat
MEMO	1779966584000000738	file	0	0	0	ebpf_counter	2	10485	0	0	openat
MEMO	1779966584000000739	file	0	0	0	ebpf_counter	2	10485	0	0	openat
MEMO	1779966584000000740	file	0	0	0	ebpf_counter	2	10485	0	0	openat
MEMO	1779966584000000741	file	0	0	0	ebpf_counter	2	10485	0	0	openat
MEMO	1779966584000000742	file	0	0	0	ebpf_counter	2	10485	0	0	openat
MEMO	1779966584000000743	file	0	0	0	ebpf_counter	2	10485	0	0	openat
MEMO	1779966584000000744	file	0	0	0	ebpf_counter	2	10485	0	0	openat
MEMO	1779966584000000745	file	0	0	0	ebpf_counter	2	10485	0	0	openat
MEMO	1779966584000000746	file	0	0	0	ebpf_counter	2	10485	0	0	openat
MEMO	1779966584000000747	file	0	0	0	ebpf_counter	2	10485	0	0	openat
MEMO	1779966584000000748	file	0	0	0	ebpf_counter	2	10485	0	0	openat
MEMO	1779966584000000749	file	0	0	0	ebpf_counter	2	10485	0	0	openat
MEMO	1779966584000000750	file	0	0	0	ebpf_counter	2	10485	0	0	openat
MEMO	1779966584000000751	file	0	0	0	ebpf_counter	2	10485	0	0	openat
MEMO	1779966584000000752	file	0	0	0	ebpf_counter	2	10485	0	0	openat
MEMO	1779966584000000753	file	0	0	0	ebpf_counter	2	10485	0	0	openat
MEMO	1779966584000000754	file	0	0	0	ebpf_counter	2	10485	0	0	openat
MEMO	1779966584000000755	file	0	0	0	ebpf_counter	2	10485	0	0	openat
MEMO	1779966584000000756	file	0	0	0	ebpf_counter	2	10485	0	0	openat
MEMO	1779966584000000757	file	0	0	0	ebpf_counter	2	10485	0	0	openat
MEMO	1779966584000000758	file	0	0	0	ebpf_counter	2	10485	0	0	openat
MEMO	1779966584000000759	file	0	0	0	ebpf_counter	2	10485	0	0	openat
MEMO	1779966584000000760	file	0	0	0	ebpf_counter	2	10485	0	0	openat
MEMO	1779966584000000761	file	0	0	0	ebpf_counter	2	10485	0	0	openat
MEMO	1779966584000000762	file	0	0	0	ebpf_counter	2	10485	0	0	openat
MEMO	1779966584000000763	file	0	0	0	ebpf_counter	2	10485	0	0	openat
MEMO	1779966584000000764	file	0	0	0	ebpf_counter	2	10485	0	0	openat
MEMO	1779966584000000765	file	0	0	0	ebpf_counter	2	10485	0	0	openat
MEMO	1779966584000000766	file	0	0	0	ebpf_counter	2	10485	0	0	openat
MEMO	1779966584000000767	file	0	0	0	ebpf_counter	2	10485	0	0	openat
MEMO	1779966584000000768	file	0	0	0	ebpf_counter	2	10485	0	0	openat
MEMO	1779966584000000769	file	0	0	0	ebpf_counter	2	10485	0	0	openat
MEMO	1779966584000000770	file	0	0	0	ebpf_counter	2	10485	0	0	openat
MEMO	1779966584000000771	file	0	0	0	ebpf_counter	2	10485	0	0	openat
MEMO	1779966584000000772	file	0	0	0	ebpf_counter	2	10485	0	0	openat
MEMO	1779966584000000773	file	0	0	0	ebpf_counter	2	10485	0	0	openat
MEMO	1779966584000000774	file	0	0	0	ebpf_counter	2	10485	0	0	openat
MEMO	1779966584000000775	file	0	0	0	ebpf_counter	2	10485	0	0	openat
MEMO	1779966584000000776	file	0	0	0	ebpf_counter	2	10485	0	0	openat
MEMO	1779966584000000777	file	0	0	0	ebpf_counter	2	10485	0	0	openat
MEMO	1779966584000000778	file	0	0	0	ebpf_counter	2	10485	0	0	openat
MEMO	1779966584000000779	file	0	0	0	ebpf_counter	2	10485	0	0	openat
MEMO	1779966584000000780	file	0	0	0	ebpf_counter	2	10485	0	0	openat
MEMO	1779966584000000781	file	0	0	0	ebpf_counter	2	10485	0	0	openat
MEMO	1779966584000000782	file	0	0	0	ebpf_counter	2	10485	0	0	openat
MEMO	1779966584000000783	file	0	0	0	ebpf_counter	2	10485	0	0	openat
MEMO	1779966584000000784	file	0	0	0	ebpf_counter	2	10485	0	0	openat
MEMO	1779966584000000785	file	0	0	0	ebpf_counter	2	10485	0	0	openat
MEMO	1779966584000000786	file	0	0	0	ebpf_counter	2	10485	0	0	openat
MEMO	1779966584000000787	file	0	0	0	ebpf_counter	2	10485	0	0	openat
MEMO	1779966584000000788	file	0	0	0	ebpf_counter	2	10485	0	0	openat
MEMO	1779966584000000789	file	0	0	0	ebpf_counter	2	10485	0	0	openat
MEMO	1779966584000000790	file	0	0	0	ebpf_counter	2	10485	0	0	openat
MEMO	1779966584000000791	file	0	0	0	ebpf_counter	2	10485	0	0	openat
MEMO	1779966584000000792	file	0	0	0	ebpf_counter	2	10485	0	0	openat
MEMO	1779966584000000793	file	0	0	0	ebpf_counter	2	10485	0	0	openat
MEMO	1779966584000000794	file	0	0	0	ebpf_counter	2	10485	0	0	openat
MEMO	1779966584000000795	file	0	0	0	ebpf_counter	2	10485	0	0	openat
MEMO	1779966584000000796	file	0	0	0	ebpf_counter	2	10485	0	0	openat
MEMO	1779966584000000797	file	0	0	0	ebpf_counter	2	10485	0	0	openat
MEMO	1779966584000000798	file	0	0	0	ebpf_counter	2	10485	0	0	openat
MEMO	1779966584000000799	file	0	0	0	ebpf_counter	2	10485	0	0	openat
MEMO	1779966584000000800	memory	0	0	0	ebpf_counter	3	1	0	0	reclaim_or_kswapd
MEMO	1779966584000000801	network	0	0	0	ebpf_counter	1	2562	0	0	sendto
MEMO	1779966584000000802	network	0	0	0	ebpf_counter	1	2562	0	0	sendto
MEMO	1779966584000000803	network	0	0	0	ebpf_counter	1	2562	0	0	sendto
MEMO	1779966584000000804	network	0	0	0	ebpf_counter	1	2562	0	0	sendto
MEMO	1779966584000000805	network	0	0	0	ebpf_counter	1	2562	0	0	sendto
MEMO	1779966584000000806	network	0	0	0	ebpf_counter	1	2562	0	0	sendto
MEMO	1779966584000000807	network	0	0	0	ebpf_counter	1	2562	0	0	sendto
MEMO	1779966584000000808	network	0	0	0	ebpf_counter	1	2562	0	0	sendto
MEMO	1779966584000000809	network	0	0	0	ebpf_counter	1	2562	0	0	sendto
MEMO	1779966584000000810	network	0	0	0	ebpf_counter	1	2562	0	0	sendto
MEMO	1779966584000000811	network	0	0	0	ebpf_counter	1	2562	0	0	sendto
MEMO	1779966584000000812	network	0	0	0	ebpf_counter	1	2562	0	0	sendto
MEMO	1779966584000000813	network	0	0	0	ebpf_counter	1	2562	0	0	sendto
MEMO	1779966584000000814	network	0	0	0	ebpf_counter	1	2562	0	0	sendto
MEMO	1779966584000000815	network	0	0	0	ebpf_counter	1	2562	0	0	sendto
MEMO	1779966584000000816	network	0	0	0	ebpf_counter	1	2562	0	0	sendto
MEMO	1779966584000000817	network	0	0	0	ebpf_counter	1	2562	0	0	sendto
MEMO	1779966584000000818	network	0	0	0	ebpf_counter	1	2562	0	0	sendto
MEMO	1779966584000000819	network	0	0	0	ebpf_counter	1	2562	0	0	sendto
MEMO	1779966584000000820	network	0	0	0	ebpf_counter	1	2562	0	0	sendto
MEMO	1779966584000000821	network	0	0	0	ebpf_counter	1	2562	0	0	sendto
MEMO	1779966584000000822	network	0	0	0	ebpf_counter	1	2562	0	0	sendto
MEMO	1779966584000000823	network	0	0	0	ebpf_counter	1	2562	0	0	sendto
MEMO	1779966584000000824	network	0	0	0	ebpf_counter	1	2562	0	0	sendto
MEMO	1779966584000000825	network	0	0	0	ebpf_counter	1	2562	0	0	sendto
MEMO	1779966584000000826	network	0	0	0	ebpf_counter	1	2562	0	0	sendto
MEMO	1779966584000000827	network	0	0	0	ebpf_counter	1	2562	0	0	sendto
MEMO	1779966584000000828	network	0	0	0	ebpf_counter	1	2562	0	0	sendto
MEMO	1779966584000000829	network	0	0	0	ebpf_counter	1	2562	0	0	sendto
MEMO	1779966584000000830	network	0	0	0	ebpf_counter	1	2562	0	0	sendto
MEMO	1779966584000000831	network	0	0	0	ebpf_counter	1	2562	0	0	sendto
MEMO	1779966584000000832	network	0	0	0	ebpf_counter	1	2562	0	0	sendto
MEMO	1779966584000000833	network	0	0	0	ebpf_counter	1	2562	0	0	sendto
MEMO	1779966584000000834	network	0	0	0	ebpf_counter	1	2562	0	0	sendto
MEMO	1779966584000000835	network	0	0	0	ebpf_counter	1	2562	0	0	sendto
MEMO	1779966584000000836	network	0	0	0	ebpf_counter	1	2562	0	0	sendto
MEMO	1779966584000000837	network	0	0	0	ebpf_counter	1	2562	0	0	sendto
MEMO	1779966584000000838	network	0	0	0	ebpf_counter	1	2562	0	0	sendto
MEMO	1779966584000000839	network	0	0	0	ebpf_counter	1	2562	0	0	sendto
MEMO	1779966584000000840	network	0	0	0	ebpf_counter	1	2562	0	0	sendto
MEMO	1779966584000000841	network	0	0	0	ebpf_counter	1	2562	0	0	sendto
MEMO	1779966584000000842	network	0	0	0	ebpf_counter	1	2562	0	0	sendto
MEMO	1779966584000000843	network	0	0	0	ebpf_counter	1	2562	0	0	sendto
MEMO	1779966584000000844	network	0	0	0	ebpf_counter	1	2562	0	0	sendto
MEMO	1779966584000000845	network	0	0	0	ebpf_counter	1	2562	0	0	sendto
MEMO	1779966584000000846	network	0	0	0	ebpf_counter	1	2562	0	0	sendto
MEMO	1779966584000000847	network	0	0	0	ebpf_counter	1	2562	0	0	sendto
MEMO	1779966584000000848	network	0	0	0	ebpf_counter	1	2562	0	0	sendto
MEMO	1779966584000000849	network	0	0	0	ebpf_counter	1	2562	0	0	sendto
MEMO	1779966584000000850	network	0	0	0	ebpf_counter	1	2562	0	0	sendto
MEMO	1779966584000000851	network	0	0	0	ebpf_counter	1	2562	0	0	sendto
MEMO	1779966584000000852	network	0	0	0	ebpf_counter	1	2562	0	0	sendto
MEMO	1779966584000000853	network	0	0	0	ebpf_counter	1	2562	0	0	sendto
MEMO	1779966584000000854	network	0	0	0	ebpf_counter	1	2562	0	0	sendto
MEMO	1779966584000000855	network	0	0	0	ebpf_counter	1	2562	0	0	sendto
MEMO	1779966584000000856	network	0	0	0	ebpf_counter	1	2562	0	0	sendto
MEMO	1779966584000000857	network	0	0	0	ebpf_counter	1	2562	0	0	sendto
MEMO	1779966584000000858	network	0	0	0	ebpf_counter	1	2562	0	0	sendto
MEMO	1779966584000000859	network	0	0	0	ebpf_counter	1	2562	0	0	sendto
MEMO	1779966584000000860	network	0	0	0	ebpf_counter	1	2562	0	0	sendto
MEMO	1779966584000000861	network	0	0	0	ebpf_counter	1	2562	0	0	sendto
MEMO	1779966584000000862	network	0	0	0	ebpf_counter	1	2562	0	0	sendto
MEMO	1779966584000000863	network	0	0	0	ebpf_counter	1	2562	0	0	sendto
MEMO	1779966584000000864	network	0	0	0	ebpf_counter	1	2562	0	0	sendto
MEMO	1779966584000000865	network	0	0	0	ebpf_counter	1	2562	0	0	sendto
MEMO	1779966584000000866	network	0	0	0	ebpf_counter	1	2562	0	0	sendto
MEMO	1779966584000000867	network	0	0	0	ebpf_counter	1	2562	0	0	sendto
MEMO	1779966584000000868	network	0	0	0	ebpf_counter	1	2562	0	0	sendto
MEMO	1779966584000000869	network	0	0	0	ebpf_counter	1	2562	0	0	sendto
MEMO	1779966584000000870	network	0	0	0	ebpf_counter	1	2562	0	0	sendto
MEMO	1779966584000000871	network	0	0	0	ebpf_counter	1	2562	0	0	sendto
MEMO	1779966584000000872	network	0	0	0	ebpf_counter	1	2562	0	0	sendto
MEMO	1779966584000000873	network	0	0	0	ebpf_counter	1	2562	0	0	sendto
MEMO	1779966584000000874	network	0	0	0	ebpf_counter	1	2562	0	0	sendto
MEMO	1779966584000000875	network	0	0	0	ebpf_counter	1	2562	0	0	sendto
MEMO	1779966584000000876	network	0	0	0	ebpf_counter	1	2562	0	0	sendto
MEMO	1779966584000000877	network	0	0	0	ebpf_counter	1	2562	0	0	sendto
MEMO	1779966584000000878	network	0	0	0	ebpf_counter	1	2562	0	0	sendto
MEMO	1779966584000000879	network	0	0	0	ebpf_counter	1	2562	0	0	sendto
MEMO	1779966584000000880	network	0	0	0	ebpf_counter	1	2562	0	0	sendto
MEMO	1779966584000000881	network	0	0	0	ebpf_counter	1	2562	0	0	sendto
MEMO	1779966584000000882	network	0	0	0	ebpf_counter	1	2562	0	0	sendto
MEMO	1779966584000000883	network	0	0	0	ebpf_counter	1	2562	0	0	sendto
MEMO	1779966584000000884	network	0	0	0	ebpf_counter	1	2562	0	0	sendto
MEMO	1779966584000000885	network	0	0	0	ebpf_counter	1	2562	0	0	sendto
MEMO	1779966584000000886	network	0	0	0	ebpf_counter	1	2562	0	0	sendto
MEMO	1779966584000000887	network	0	0	0	ebpf_counter	1	2562	0	0	sendto
MEMO	1779966584000000888	network	0	0	0	ebpf_counter	1	2562	0	0	sendto
MEMO	1779966584000000889	network	0	0	0	ebpf_counter	1	2562	0	0	sendto
MEMO	1779966584000000890	network	0	0	0	ebpf_counter	1	2562	0	0	sendto
MEMO	1779966584000000891	network	0	0	0	ebpf_counter	1	2562	0	0	sendto
MEMO	1779966584000000892	network	0	0	0	ebpf_counter	1	2562	0	0	sendto
MEMO	1779966584000000893	network	0	0	0	ebpf_counter	1	2562	0	0	sendto
MEMO	1779966584000000894	network	0	0	0	ebpf_counter	1	2562	0	0	sendto
MEMO	1779966584000000895	network	0	0	0	ebpf_counter	1	2562	0	0	sendto
MEMO	1779966584000000896	network	0	0	0	ebpf_counter	1	2562	0	0	sendto
MEMO	1779966584000000897	network	0	0	0	ebpf_counter	1	2562	0	0	sendto
MEMO	1779966584000000898	network	0	0	0	ebpf_counter	1	2562	0	0	sendto
MEMO	1779966584000000899	network	0	0	0	ebpf_counter	1	2562	0	0	sendto
MEMO	1779966584000000900	network	0	0	0	ebpf_counter	1	2562	0	0	sendto
MEMO	1779966584000000901	network	0	0	0	ebpf_counter	1	2562	0	0	sendto
MEMO	1779966584000000902	network	0	0	0	ebpf_counter	1	2562	0	0	sendto
MEMO	1779966584000000903	network	0	0	0	ebpf_counter	1	2562	0	0	sendto
MEMO	1779966584000000904	network	0	0	0	ebpf_counter	1	2562	0	0	sendto
MEMO	1779966584000000905	network	0	0	0	ebpf_counter	1	2562	0	0	sendto
MEMO	1779966584000000906	network	0	0	0	ebpf_counter	1	2562	0	0	sendto
MEMO	1779966584000000907	network	0	0	0	ebpf_counter	1	2562	0	0	sendto
MEMO	1779966584000000908	network	0	0	0	ebpf_counter	1	2562	0	0	sendto
MEMO	1779966584000000909	network	0	0	0	ebpf_counter	1	2562	0	0	sendto
MEMO	1779966584000000910	network	0	0	0	ebpf_counter	1	2562	0	0	sendto
MEMO	1779966584000000911	network	0	0	0	ebpf_counter	1	2562	0	0	sendto
MEMO	1779966584000000912	network	0	0	0	ebpf_counter	1	2562	0	0	sendto
MEMO	1779966584000000913	network	0	0	0	ebpf_counter	1	2562	0	0	sendto
MEMO	1779966584000000914	network	0	0	0	ebpf_counter	1	2562	0	0	sendto
MEMO	1779966584000000915	network	0	0	0	ebpf_counter	1	2562	0	0	sendto
MEMO	1779966584000000916	network	0	0	0	ebpf_counter	1	2562	0	0	sendto
MEMO	1779966584000000917	network	0	0	0	ebpf_counter	1	2562	0	0	sendto
MEMO	1779966584000000918	network	0	0	0	ebpf_counter	1	2562	0	0	sendto
MEMO	1779966584000000919	network	0	0	0	ebpf_counter	1	2562	0	0	sendto
MEMO	1779966584000000920	network	0	0	0	ebpf_counter	1	2562	0	0	sendto
MEMO	1779966584000000921	network	0	0	0	ebpf_counter	1	2562	0	0	sendto
MEMO	1779966584000000922	network	0	0	0	ebpf_counter	1	2562	0	0	sendto
MEMO	1779966584000000923	network	0	0	0	ebpf_counter	1	2562	0	0	sendto
MEMO	1779966584000000924	network	0	0	0	ebpf_counter	1	2562	0	0	sendto
MEMO	1779966584000000925	network	0	0	0	ebpf_counter	1	2562	0	0	sendto
MEMO	1779966584000000926	network	0	0	0	ebpf_counter	1	2562	0	0	sendto
MEMO	1779966584000000927	network	0	0	0	ebpf_counter	1	2562	0	0	sendto
MEMO	1779966584000000928	network	0	0	0	ebpf_counter	1	2562	0	0	sendto
MEMO	1779966584000000929	network	0	0	0	ebpf_counter	1	2562	0	0	sendto
MEMO	1779966584000000930	network	0	0	0	ebpf_counter	1	2562	0	0	sendto
MEMO	1779966584000000931	network	0	0	0	ebpf_counter	1	2562	0	0	sendto
MEMO	1779966584000000932	network	0	0	0	ebpf_counter	1	2562	0	0	sendto
MEMO	1779966584000000933	network	0	0	0	ebpf_counter	1	2562	0	0	sendto
MEMO	1779966584000000934	network	0	0	0	ebpf_counter	1	2562	0	0	sendto
MEMO	1779966584000000935	network	0	0	0	ebpf_counter	1	2562	0	0	sendto
MEMO	1779966584000000936	network	0	0	0	ebpf_counter	1	2562	0	0	sendto
MEMO	1779966584000000937	network	0	0	0	ebpf_counter	1	2562	0	0	sendto
MEMO	1779966584000000938	network	0	0	0	ebpf_counter	1	2562	0	0	sendto
MEMO	1779966584000000939	network	0	0	0	ebpf_counter	1	2562	0	0	sendto
MEMO	1779966584000000940	network	0	0	0	ebpf_counter	1	2562	0	0	sendto
MEMO	1779966584000000941	network	0	0	0	ebpf_counter	1	2562	0	0	sendto
MEMO	1779966584000000942	network	0	0	0	ebpf_counter	1	2562	0	0	sendto
MEMO	1779966584000000943	network	0	0	0	ebpf_counter	1	2562	0	0	sendto
MEMO	1779966584000000944	network	0	0	0	ebpf_counter	1	2562	0	0	sendto
MEMO	1779966584000000945	network	0	0	0	ebpf_counter	1	2562	0	0	sendto
MEMO	1779966584000000946	network	0	0	0	ebpf_counter	1	2562	0	0	sendto
MEMO	1779966584000000947	network	0	0	0	ebpf_counter	1	2562	0	0	sendto
MEMO	1779966584000000948	network	0	0	0	ebpf_counter	1	2562	0	0	sendto
MEMO	1779966584000000949	network	0	0	0	ebpf_counter	1	2562	0	0	sendto
MEMO	1779966584000000950	network	0	0	0	ebpf_counter	1	2562	0	0	sendto
MEMO	1779966584000000951	network	0	0	0	ebpf_counter	1	2562	0	0	sendto
MEMO	1779966584000000952	network	0	0	0	ebpf_counter	1	2562	0	0	sendto
MEMO	1779966584000000953	network	0	0	0	ebpf_counter	1	2562	0	0	sendto
MEMO	1779966584000000954	network	0	0	0	ebpf_counter	1	2562	0	0	sendto
MEMO	1779966584000000955	network	0	0	0	ebpf_counter	1	2562	0	0	sendto
MEMO	1779966584000000956	network	0	0	0	ebpf_counter	1	2562	0	0	sendto
MEMO	1779966584000000957	network	0	0	0	ebpf_counter	1	2562	0	0	sendto
MEMO	1779966584000000958	network	0	0	0	ebpf_counter	1	2562	0	0	sendto
MEMO	1779966584000000959	network	0	0	0	ebpf_counter	1	2562	0	0	sendto
MEMO	1779966584000000960	network	0	0	0	ebpf_counter	1	2562	0	0	sendto
MEMO	1779966584000000961	network	0	0	0	ebpf_counter	1	2562	0	0	sendto
MEMO	1779966584000000962	network	0	0	0	ebpf_counter	1	2562	0	0	sendto
MEMO	1779966584000000963	network	0	0	0	ebpf_counter	1	2562	0	0	sendto
MEMO	1779966584000000964	network	0	0	0	ebpf_counter	1	2562	0	0	sendto
MEMO	1779966584000000965	network	0	0	0	ebpf_counter	1	2562	0	0	sendto
MEMO	1779966584000000966	network	0	0	0	ebpf_counter	1	2562	0	0	sendto
MEMO	1779966584000000967	network	0	0	0	ebpf_counter	1	2562	0	0	sendto
MEMO	1779966584000000968	network	0	0	0	ebpf_counter	1	2562	0	0	sendto
MEMO	1779966584000000969	network	0	0	0	ebpf_counter	1	2562	0	0	sendto
MEMO	1779966584000000970	network	0	0	0	ebpf_counter	1	2562	0	0	sendto
MEMO	1779966584000000971	network	0	0	0	ebpf_counter	1	2562	0	0	sendto
MEMO	1779966584000000972	network	0	0	0	ebpf_counter	1	2562	0	0	sendto
MEMO	1779966584000000973	network	0	0	0	ebpf_counter	1	2562	0	0	sendto
MEMO	1779966584000000974	network	0	0	0	ebpf_counter	1	2562	0	0	sendto
MEMO	1779966584000000975	network	0	0	0	ebpf_counter	1	2562	0	0	sendto
MEMO	1779966584000000976	network	0	0	0	ebpf_counter	1	2562	0	0	sendto
MEMO	1779966584000000977	network	0	0	0	ebpf_counter	1	2562	0	0	sendto
MEMO	1779966584000000978	network	0	0	0	ebpf_counter	1	2562	0	0	sendto
MEMO	1779966584000000979	network	0	0	0	ebpf_counter	1	2562	0	0	sendto
MEMO	1779966584000000980	network	0	0	0	ebpf_counter	1	2562	0	0	sendto
MEMO	1779966584000000981	network	0	0	0	ebpf_counter	1	2562	0	0	sendto
MEMO	1779966584000000982	network	0	0	0	ebpf_counter	1	2562	0	0	sendto
MEMO	1779966584000000983	network	0	0	0	ebpf_counter	1	2562	0	0	sendto
MEMO	1779966584000000984	network	0	0	0	ebpf_counter	1	2562	0	0	sendto
MEMO	1779966584000000985	network	0	0	0	ebpf_counter	1	2562	0	0	sendto
MEMO	1779966584000000986	network	0	0	0	ebpf_counter	1	2562	0	0	sendto
MEMO	1779966584000000987	network	0	0	0	ebpf_counter	1	2562	0	0	sendto
MEMO	1779966584000000988	network	0	0	0	ebpf_counter	1	2562	0	0	sendto
MEMO	1779966584000000989	network	0	0	0	ebpf_counter	1	2562	0	0	sendto
MEMO	1779966584000000990	network	0	0	0	ebpf_counter	1	2562	0	0	sendto
MEMO	1779966584000000991	network	0	0	0	ebpf_counter	1	2562	0	0	sendto
MEMO	1779966584000000992	network	0	0	0	ebpf_counter	1	2562	0	0	sendto
MEMO	1779966584000000993	network	0	0	0	ebpf_counter	1	2562	0	0	sendto
MEMO	1779966584000000994	network	0	0	0	ebpf_counter	1	2562	0	0	sendto
MEMO	1779966584000000995	network	0	0	0	ebpf_counter	1	2562	0	0	sendto
MEMO	1779966584000000996	network	0	0	0	ebpf_counter	1	2562	0	0	sendto
MEMO	1779966584000000997	network	0	0	0	ebpf_counter	1	2562	0	0	sendto
MEMO	1779966584000000998	network	0	0	0	ebpf_counter	1	2562	0	0	sendto
MEMO	1779966584000000999	network	0	0	0	ebpf_counter	1	2562	0	0	sendto
MEMO	1779966584000001000	network	0	0	0	ebpf_counter	1	2562	0	0	sendto
MEMO	1779966584000001001	network	0	0	0	ebpf_counter	1	2562	0	0	sendto
MEMO	1779966584000001002	network	0	0	0	ebpf_counter	1	2562	0	0	sendto
MEMO	1779966584000001003	network	0	0	0	ebpf_counter	1	2562	0	0	sendto
MEMO	1779966584000001004	network	0	0	0	ebpf_counter	1	2562	0	0	sendto
MEMO	1779966584000001005	network	0	0	0	ebpf_counter	1	2562	0	0	sendto
MEMO	1779966584000001006	network	0	0	0	ebpf_counter	1	2562	0	0	sendto
MEMO	1779966584000001007	network	0	0	0	ebpf_counter	1	2562	0	0	sendto
MEMO	1779966584000001008	network	0	0	0	ebpf_counter	1	2562	0	0	sendto
MEMO	1779966584000001009	network	0	0	0	ebpf_counter	1	2562	0	0	sendto
MEMO	1779966584000001010	network	0	0	0	ebpf_counter	1	2562	0	0	sendto
MEMO	1779966584000001011	network	0	0	0	ebpf_counter	1	2562	0	0	sendto
MEMO	1779966584000001012	network	0	0	0	ebpf_counter	1	2562	0	0	sendto
MEMO	1779966584000001013	network	0	0	0	ebpf_counter	1	2562	0	0	sendto
MEMO	1779966584000001014	network	0	0	0	ebpf_counter	1	2562	0	0	sendto
MEMO	1779966584000001015	network	0	0	0	ebpf_counter	1	2562	0	0	sendto
MEMO	1779966584000001016	network	0	0	0	ebpf_counter	1	2562	0	0	sendto
MEMO	1779966584000001017	network	0	0	0	ebpf_counter	1	2562	0	0	sendto
MEMO	1779966584000001018	network	0	0	0	ebpf_counter	1	2562	0	0	sendto
MEMO	1779966584000001019	network	0	0	0	ebpf_counter	1	2562	0	0	sendto
MEMO	1779966584000001020	network	0	0	0	ebpf_counter	1	2562	0	0	sendto
MEMO	1779966584000001021	network	0	0	0	ebpf_counter	1	2562	0	0	sendto
MEMO	1779966584000001022	network	0	0	0	ebpf_counter	1	2562	0	0	sendto
MEMO	1779966584000001023	network	0	0	0	ebpf_counter	1	2562	0	0	sendto
MEMO	1779966584000001024	network	0	0	0	ebpf_counter	1	2562	0	0	sendto
MEMO	1779966584000001025	network	0	0	0	ebpf_counter	1	2562	0	0	sendto
MEMO	1779966584000001026	network	0	0	0	ebpf_counter	1	2562	0	0	sendto
MEMO	1779966584000001027	network	0	0	0	ebpf_counter	1	2562	0	0	sendto
MEMO	1779966584000001028	network	0	0	0	ebpf_counter	1	2562	0	0	sendto
MEMO	1779966584000001029	network	0	0	0	ebpf_counter	1	2562	0	0	sendto
MEMO	1779966584000001030	network	0	0	0	ebpf_counter	1	2562	0	0	sendto
MEMO	1779966584000001031	network	0	0	0	ebpf_counter	1	2562	0	0	sendto
MEMO	1779966584000001032	network	0	0	0	ebpf_counter	1	2562	0	0	sendto
MEMO	1779966584000001033	network	0	0	0	ebpf_counter	1	2562	0	0	sendto
MEMO	1779966584000001034	network	0	0	0	ebpf_counter	1	2562	0	0	sendto
MEMO	1779966584000001035	network	0	0	0	ebpf_counter	1	2562	0	0	sendto
MEMO	1779966584000001036	network	0	0	0	ebpf_counter	1	2562	0	0	sendto
MEMO	1779966584000001037	network	0	0	0	ebpf_counter	1	2562	0	0	sendto
MEMO	1779966584000001038	network	0	0	0	ebpf_counter	1	2562	0	0	sendto
MEMO	1779966584000001039	network	0	0	0	ebpf_counter	1	2562	0	0	sendto
MEMO	1779966584000001040	network	0	0	0	ebpf_counter	1	2562	0	0	sendto
MEMO	1779966584000001041	network	0	0	0	ebpf_counter	1	2562	0	0	sendto
MEMO	1779966584000001042	network	0	0	0	ebpf_counter	1	2562	0	0	sendto
MEMO	1779966584000001043	network	0	0	0	ebpf_counter	1	2562	0	0	sendto
MEMO	1779966584000001044	network	0	0	0	ebpf_counter	1	2562	0	0	sendto
MEMO	1779966584000001045	network	0	0	0	ebpf_counter	1	2562	0	0	sendto
MEMO	1779966584000001046	network	0	0	0	ebpf_counter	1	2562	0	0	sendto
MEMO	1779966584000001047	network	0	0	0	ebpf_counter	1	2562	0	0	sendto
MEMO	1779966584000001048	network	0	0	0	ebpf_counter	1	2562	0	0	sendto
MEMO	1779966584000001049	network	0	0	0	ebpf_counter	1	2562	0	0	sendto
MEMO	1779966584000001050	network	0	0	0	ebpf_counter	1	2562	0	0	sendto
MEMO	1779966584000001051	network	0	0	0	ebpf_counter	1	2562	0	0	sendto
MEMO	1779966584000001052	network	0	0	0	ebpf_counter	1	2562	0	0	sendto
MEMO	1779966584000001053	network	0	0	0	ebpf_counter	1	2562	0	0	sendto
MEMO	1779966584000001054	network	0	0	0	ebpf_counter	1	2562	0	0	sendto
MEMO	1779966584000001055	network	0	0	0	ebpf_counter	1	2562	0	0	sendto
MEMO	1779966584000001056	network	0	0	0	ebpf_counter	1	2562	0	0	sendto
MEMO	1779966584000001057	network	0	0	0	ebpf_counter	1	2562	0	0	sendto
MEMO	1779966584000001058	network	0	0	0	ebpf_counter	1	2562	0	0	sendto
MEMO	1779966584000001059	network	0	0	0	ebpf_counter	1	2562	0	0	sendto
MEMO	1779966584000001060	network	0	0	0	ebpf_counter	1	2562	0	0	sendto
MEMO	1779966584000001061	network	0	0	0	ebpf_counter	1	2562	0	0	sendto
MEMO	1779966584000001062	network	0	0	0	ebpf_counter	1	2562	0	0	sendto
MEMO	1779966584000001063	network	0	0	0	ebpf_counter	1	2562	0	0	sendto
MEMO	1779966584000001064	network	0	0	0	ebpf_counter	1	2562	0	0	sendto
MEMO	1779966584000001065	network	0	0	0	ebpf_counter	1	2562	0	0	sendto
MEMO	1779966584000001066	network	0	0	0	ebpf_counter	1	2562	0	0	sendto
MEMO	1779966584000001067	network	0	0	0	ebpf_counter	1	2562	0	0	sendto
MEMO	1779966584000001068	network	0	0	0	ebpf_counter	1	2562	0	0	sendto
MEMO	1779966584000001069	network	0	0	0	ebpf_counter	1	2562	0	0	sendto
MEMO	1779966584000001070	network	0	0	0	ebpf_counter	1	2562	0	0	sendto
MEMO	1779966584000001071	network	0	0	0	ebpf_counter	1	2562	0	0	sendto
MEMO	1779966584000001072	network	0	0	0	ebpf_counter	1	2562	0	0	sendto
MEMO	1779966584000001073	network	0	0	0	ebpf_counter	1	2562	0	0	sendto
MEMO	1779966584000001074	network	0	0	0	ebpf_counter	1	2562	0	0	sendto
MEMO	1779966584000001075	network	0	0	0	ebpf_counter	1	2562	0	0	sendto
MEMO	1779966584000001076	network	0	0	0	ebpf_counter	1	2562	0	0	sendto
MEMO	1779966584000001077	network	0	0	0	ebpf_counter	1	2562	0	0	sendto
MEMO	1779966584000001078	network	0	0	0	ebpf_counter	1	2562	0	0	sendto
MEMO	1779966584000001079	network	0	0	0	ebpf_counter	1	2562	0	0	sendto
MEMO	1779966584000001080	network	0	0	0	ebpf_counter	1	2562	0	0	sendto
MEMO	1779966584000001081	network	0	0	0	ebpf_counter	1	2562	0	0	sendto
MEMO	1779966584000001082	network	0	0	0	ebpf_counter	1	2562	0	0	sendto
MEMO	1779966584000001083	network	0	0	0	ebpf_counter	1	2562	0	0	sendto
MEMO	1779966584000001084	network	0	0	0	ebpf_counter	1	2562	0	0	sendto
MEMO	1779966584000001085	network	0	0	0	ebpf_counter	1	2562	0	0	sendto
MEMO	1779966584000001086	network	0	0	0	ebpf_counter	1	2562	0	0	sendto
MEMO	1779966584000001087	network	0	0	0	ebpf_counter	1	2562	0	0	sendto
MEMO	1779966584000001088	network	0	0	0	ebpf_counter	1	2562	0	0	sendto
MEMO	1779966584000001089	network	0	0	0	ebpf_counter	1	2562	0	0	sendto
MEMO	1779966584000001090	network	0	0	0	ebpf_counter	1	2562	0	0	sendto
MEMO	1779966584000001091	network	0	0	0	ebpf_counter	1	2562	0	0	sendto
MEMO	1779966584000001092	network	0	0	0	ebpf_counter	1	2562	0	0	sendto
MEMO	1779966584000001093	network	0	0	0	ebpf_counter	1	2562	0	0	sendto
MEMO	1779966584000001094	network	0	0	0	ebpf_counter	1	2562	0	0	sendto
MEMO	1779966584000001095	network	0	0	0	ebpf_counter	1	2562	0	0	sendto
MEMO	1779966584000001096	network	0	0	0	ebpf_counter	1	2562	0	0	sendto
MEMO	1779966584000001097	network	0	0	0	ebpf_counter	1	2562	0	0	sendto
MEMO	1779966584000001098	network	0	0	0	ebpf_counter	1	2562	0	0	sendto
MEMO	1779966584000001099	network	0	0	0	ebpf_counter	1	2562	0	0	sendto
MEMO	1779966584000001100	network	0	0	0	ebpf_counter	1	2562	0	0	sendto
MEMO	1779966584000001101	network	0	0	0	ebpf_counter	1	2562	0	0	sendto
MEMO	1779966584000001102	network	0	0	0	ebpf_counter	1	2562	0	0	sendto
MEMO	1779966584000001103	network	0	0	0	ebpf_counter	1	2562	0	0	sendto
MEMO	1779966584000001104	network	0	0	0	ebpf_counter	1	2562	0	0	sendto
MEMO	1779966584000001105	network	0	0	0	ebpf_counter	1	2562	0	0	sendto
MEMO	1779966584000001106	network	0	0	0	ebpf_counter	1	2562	0	0	sendto
MEMO	1779966584000001107	network	0	0	0	ebpf_counter	1	2562	0	0	sendto
MEMO	1779966584000001108	network	0	0	0	ebpf_counter	1	2562	0	0	sendto
MEMO	1779966584000001109	network	0	0	0	ebpf_counter	1	2562	0	0	sendto
MEMO	1779966584000001110	network	0	0	0	ebpf_counter	1	2562	0	0	sendto
MEMO	1779966584000001111	network	0	0	0	ebpf_counter	1	2562	0	0	sendto
MEMO	1779966584000001112	network	0	0	0	ebpf_counter	1	2562	0	0	sendto
MEMO	1779966584000001113	network	0	0	0	ebpf_counter	1	2562	0	0	sendto
MEMO	1779966584000001114	network	0	0	0	ebpf_counter	1	2562	0	0	sendto
MEMO	1779966584000001115	network	0	0	0	ebpf_counter	1	2562	0	0	sendto
MEMO	1779966584000001116	network	0	0	0	ebpf_counter	1	2562	0	0	sendto
MEMO	1779966584000001117	network	0	0	0	ebpf_counter	1	2562	0	0	sendto
MEMO	1779966584000001118	network	0	0	0	ebpf_counter	1	2562	0	0	sendto
MEMO	1779966584000001119	network	0	0	0	ebpf_counter	1	2562	0	0	sendto
MEMO	1779966584000001120	network	0	0	0	ebpf_counter	1	2562	0	0	sendto
MEMO	1779966584000001121	network	0	0	0	ebpf_counter	1	2562	0	0	sendto
MEMO	1779966584000001122	network	0	0	0	ebpf_counter	1	2562	0	0	sendto
MEMO	1779966584000001123	network	0	0	0	ebpf_counter	1	2562	0	0	sendto
MEMO	1779966584000001124	network	0	0	0	ebpf_counter	1	2562	0	0	sendto
MEMO	1779966584000001125	network	0	0	0	ebpf_counter	1	2562	0	0	sendto
MEMO	1779966584000001126	network	0	0	0	ebpf_counter	1	2562	0	0	sendto
MEMO	1779966584000001127	network	0	0	0	ebpf_counter	1	2562	0	0	sendto
MEMO	1779966584000001128	network	0	0	0	ebpf_counter	1	2562	0	0	sendto
MEMO	1779966584000001129	network	0	0	0	ebpf_counter	1	2562	0	0	sendto
MEMO	1779966584000001130	network	0	0	0	ebpf_counter	1	2562	0	0	sendto
MEMO	1779966584000001131	network	0	0	0	ebpf_counter	1	2562	0	0	sendto
MEMO	1779966584000001132	network	0	0	0	ebpf_counter	1	2562	0	0	sendto
MEMO	1779966584000001133	network	0	0	0	ebpf_counter	1	2562	0	0	sendto
MEMO	1779966584000001134	network	0	0	0	ebpf_counter	1	2562	0	0	sendto
MEMO	1779966584000001135	network	0	0	0	ebpf_counter	1	2562	0	0	sendto
MEMO	1779966584000001136	network	0	0	0	ebpf_counter	1	2562	0	0	sendto
MEMO	1779966584000001137	network	0	0	0	ebpf_counter	1	2562	0	0	sendto
MEMO	1779966584000001138	network	0	0	0	ebpf_counter	1	2562	0	0	sendto
MEMO	1779966584000001139	network	0	0	0	ebpf_counter	1	2562	0	0	sendto
MEMO	1779966584000001140	network	0	0	0	ebpf_counter	1	2562	0	0	sendto
MEMO	1779966584000001141	network	0	0	0	ebpf_counter	1	2562	0	0	sendto
MEMO	1779966584000001142	network	0	0	0	ebpf_counter	1	2562	0	0	sendto
MEMO	1779966584000001143	network	0	0	0	ebpf_counter	1	2562	0	0	sendto
MEMO	1779966584000001144	network	0	0	0	ebpf_counter	1	2562	0	0	sendto
MEMO	1779966584000001145	network	0	0	0	ebpf_counter	1	2562	0	0	sendto
MEMO	1779966584000001146	network	0	0	0	ebpf_counter	1	2562	0	0	sendto
MEMO	1779966584000001147	network	0	0	0	ebpf_counter	1	2562	0	0	sendto
MEMO	1779966584000001148	network	0	0	0	ebpf_counter	1	2562	0	0	sendto
MEMO	1779966584000001149	network	0	0	0	ebpf_counter	1	2562	0	0	sendto
MEMO	1779966584000001150	network	0	0	0	ebpf_counter	1	2562	0	0	sendto
MEMO	1779966584000001151	network	0	0	0	ebpf_counter	1	2562	0	0	sendto
MEMO	1779966584000001152	network	0	0	0	ebpf_counter	1	2562	0	0	sendto
MEMO	1779966584000001153	network	0	0	0	ebpf_counter	1	2562	0	0	sendto
MEMO	1779966584000001154	network	0	0	0	ebpf_counter	1	2562	0	0	sendto
MEMO	1779966584000001155	network	0	0	0	ebpf_counter	1	2562	0	0	sendto
MEMO	1779966584000001156	network	0	0	0	ebpf_counter	1	2562	0	0	sendto
MEMO	1779966584000001157	network	0	0	0	ebpf_counter	1	2562	0	0	sendto
MEMO	1779966584000001158	network	0	0	0	ebpf_counter	1	2562	0	0	sendto
MEMO	1779966584000001159	network	0	0	0	ebpf_counter	1	2562	0	0	sendto
MEMO	1779966584000001160	network	0	0	0	ebpf_counter	1	2562	0	0	sendto
MEMO	1779966584000001161	network	0	0	0	ebpf_counter	1	2562	0	0	sendto
MEMO	1779966584000001162	network	0	0	0	ebpf_counter	1	2562	0	0	sendto
MEMO	1779966584000001163	network	0	0	0	ebpf_counter	1	2562	0	0	sendto
MEMO	1779966584000001164	network	0	0	0	ebpf_counter	1	2562	0	0	sendto
MEMO	1779966584000001165	network	0	0	0	ebpf_counter	1	2562	0	0	sendto
MEMO	1779966584000001166	network	0	0	0	ebpf_counter	1	2562	0	0	sendto
MEMO	1779966584000001167	network	0	0	0	ebpf_counter	1	2562	0	0	sendto
MEMO	1779966584000001168	network	0	0	0	ebpf_counter	1	2562	0	0	sendto
MEMO	1779966584000001169	network	0	0	0	ebpf_counter	1	2562	0	0	sendto
MEMO	1779966584000001170	network	0	0	0	ebpf_counter	1	2562	0	0	sendto
MEMO	1779966584000001171	network	0	0	0	ebpf_counter	1	2562	0	0	sendto
MEMO	1779966584000001172	network	0	0	0	ebpf_counter	1	2562	0	0	sendto
MEMO	1779966584000001173	network	0	0	0	ebpf_counter	1	2562	0	0	sendto
MEMO	1779966584000001174	network	0	0	0	ebpf_counter	1	2562	0	0	sendto
MEMO	1779966584000001175	network	0	0	0	ebpf_counter	1	2562	0	0	sendto
MEMO	1779966584000001176	network	0	0	0	ebpf_counter	1	2562	0	0	sendto
MEMO	1779966584000001177	network	0	0	0	ebpf_counter	1	2562	0	0	sendto
MEMO	1779966584000001178	network	0	0	0	ebpf_counter	1	2562	0	0	sendto
MEMO	1779966584000001179	network	0	0	0	ebpf_counter	1	2562	0	0	sendto
MEMO	1779966584000001180	network	0	0	0	ebpf_counter	1	2562	0	0	sendto
MEMO	1779966584000001181	network	0	0	0	ebpf_counter	1	2562	0	0	sendto
MEMO	1779966584000001182	network	0	0	0	ebpf_counter	1	2562	0	0	sendto
MEMO	1779966584000001183	network	0	0	0	ebpf_counter	1	2562	0	0	sendto
MEMO	1779966584000001184	network	0	0	0	ebpf_counter	1	2562	0	0	sendto
MEMO	1779966584000001185	network	0	0	0	ebpf_counter	1	2562	0	0	sendto
MEMO	1779966584000001186	network	0	0	0	ebpf_counter	1	2562	0	0	sendto
MEMO	1779966584000001187	network	0	0	0	ebpf_counter	1	2562	0	0	sendto
MEMO	1779966584000001188	network	0	0	0	ebpf_counter	1	2562	0	0	sendto
MEMO	1779966584000001189	network	0	0	0	ebpf_counter	1	2562	0	0	sendto
MEMO	1779966584000001190	network	0	0	0	ebpf_counter	1	2562	0	0	sendto
MEMO	1779966584000001191	network	0	0	0	ebpf_counter	1	2562	0	0	sendto
MEMO	1779966584000001192	network	0	0	0	ebpf_counter	1	2562	0	0	sendto
MEMO	1779966584000001193	network	0	0	0	ebpf_counter	1	2562	0	0	sendto
MEMO	1779966584000001194	network	0	0	0	ebpf_counter	1	2562	0	0	sendto
MEMO	1779966584000001195	network	0	0	0	ebpf_counter	1	2562	0	0	sendto
MEMO	1779966584000001196	network	0	0	0	ebpf_counter	1	2562	0	0	sendto
MEMO	1779966584000001197	network	0	0	0	ebpf_counter	1	2562	0	0	sendto
MEMO	1779966584000001198	network	0	0	0	ebpf_counter	1	2562	0	0	sendto
MEMO	1779966584000001199	network	0	0	0	ebpf_counter	1	2562	0	0	sendto
MEMO	1779966584000001200	network	0	0	0	ebpf_counter	1	2562	0	0	sendto
MEMO	1779966584000001201	network	0	0	0	ebpf_counter	2	6440	0	0	recvfrom
MEMO	1779966584000001202	network	0	0	0	ebpf_counter	2	6440	0	0	recvfrom
MEMO	1779966584000001203	network	0	0	0	ebpf_counter	2	6440	0	0	recvfrom
MEMO	1779966584000001204	network	0	0	0	ebpf_counter	2	6440	0	0	recvfrom
MEMO	1779966584000001205	network	0	0	0	ebpf_counter	2	6440	0	0	recvfrom
MEMO	1779966584000001206	network	0	0	0	ebpf_counter	2	6440	0	0	recvfrom
MEMO	1779966584000001207	network	0	0	0	ebpf_counter	2	6440	0	0	recvfrom
MEMO	1779966584000001208	network	0	0	0	ebpf_counter	2	6440	0	0	recvfrom
MEMO	1779966584000001209	network	0	0	0	ebpf_counter	2	6440	0	0	recvfrom
MEMO	1779966584000001210	network	0	0	0	ebpf_counter	2	6440	0	0	recvfrom
MEMO	1779966584000001211	network	0	0	0	ebpf_counter	2	6440	0	0	recvfrom
MEMO	1779966584000001212	network	0	0	0	ebpf_counter	2	6440	0	0	recvfrom
MEMO	1779966584000001213	network	0	0	0	ebpf_counter	2	6440	0	0	recvfrom
MEMO	1779966584000001214	network	0	0	0	ebpf_counter	2	6440	0	0	recvfrom
MEMO	1779966584000001215	network	0	0	0	ebpf_counter	2	6440	0	0	recvfrom
MEMO	1779966584000001216	network	0	0	0	ebpf_counter	2	6440	0	0	recvfrom
MEMO	1779966584000001217	network	0	0	0	ebpf_counter	2	6440	0	0	recvfrom
MEMO	1779966584000001218	network	0	0	0	ebpf_counter	2	6440	0	0	recvfrom
MEMO	1779966584000001219	network	0	0	0	ebpf_counter	2	6440	0	0	recvfrom
MEMO	1779966584000001220	network	0	0	0	ebpf_counter	2	6440	0	0	recvfrom
MEMO	1779966584000001221	network	0	0	0	ebpf_counter	2	6440	0	0	recvfrom
MEMO	1779966584000001222	network	0	0	0	ebpf_counter	2	6440	0	0	recvfrom
MEMO	1779966584000001223	network	0	0	0	ebpf_counter	2	6440	0	0	recvfrom
MEMO	1779966584000001224	network	0	0	0	ebpf_counter	2	6440	0	0	recvfrom
MEMO	1779966584000001225	network	0	0	0	ebpf_counter	2	6440	0	0	recvfrom
MEMO	1779966584000001226	network	0	0	0	ebpf_counter	2	6440	0	0	recvfrom
MEMO	1779966584000001227	network	0	0	0	ebpf_counter	2	6440	0	0	recvfrom
MEMO	1779966584000001228	network	0	0	0	ebpf_counter	2	6440	0	0	recvfrom
MEMO	1779966584000001229	network	0	0	0	ebpf_counter	2	6440	0	0	recvfrom
MEMO	1779966584000001230	network	0	0	0	ebpf_counter	2	6440	0	0	recvfrom
MEMO	1779966584000001231	network	0	0	0	ebpf_counter	2	6440	0	0	recvfrom
MEMO	1779966584000001232	network	0	0	0	ebpf_counter	2	6440	0	0	recvfrom
MEMO	1779966584000001233	network	0	0	0	ebpf_counter	2	6440	0	0	recvfrom
MEMO	1779966584000001234	network	0	0	0	ebpf_counter	2	6440	0	0	recvfrom
MEMO	1779966584000001235	network	0	0	0	ebpf_counter	2	6440	0	0	recvfrom
MEMO	1779966584000001236	network	0	0	0	ebpf_counter	2	6440	0	0	recvfrom
MEMO	1779966584000001237	network	0	0	0	ebpf_counter	2	6440	0	0	recvfrom
MEMO	1779966584000001238	network	0	0	0	ebpf_counter	2	6440	0	0	recvfrom
MEMO	1779966584000001239	network	0	0	0	ebpf_counter	2	6440	0	0	recvfrom
MEMO	1779966584000001240	network	0	0	0	ebpf_counter	2	6440	0	0	recvfrom
MEMO	1779966584000001241	network	0	0	0	ebpf_counter	2	6440	0	0	recvfrom
MEMO	1779966584000001242	network	0	0	0	ebpf_counter	2	6440	0	0	recvfrom
MEMO	1779966584000001243	network	0	0	0	ebpf_counter	2	6440	0	0	recvfrom
MEMO	1779966584000001244	network	0	0	0	ebpf_counter	2	6440	0	0	recvfrom
MEMO	1779966584000001245	network	0	0	0	ebpf_counter	2	6440	0	0	recvfrom
MEMO	1779966584000001246	network	0	0	0	ebpf_counter	2	6440	0	0	recvfrom
MEMO	1779966584000001247	network	0	0	0	ebpf_counter	2	6440	0	0	recvfrom
MEMO	1779966584000001248	network	0	0	0	ebpf_counter	2	6440	0	0	recvfrom
MEMO	1779966584000001249	network	0	0	0	ebpf_counter	2	6440	0	0	recvfrom
MEMO	1779966584000001250	network	0	0	0	ebpf_counter	2	6440	0	0	recvfrom
MEMO	1779966584000001251	network	0	0	0	ebpf_counter	2	6440	0	0	recvfrom
MEMO	1779966584000001252	network	0	0	0	ebpf_counter	2	6440	0	0	recvfrom
MEMO	1779966584000001253	network	0	0	0	ebpf_counter	2	6440	0	0	recvfrom
MEMO	1779966584000001254	network	0	0	0	ebpf_counter	2	6440	0	0	recvfrom
MEMO	1779966584000001255	network	0	0	0	ebpf_counter	2	6440	0	0	recvfrom
MEMO	1779966584000001256	network	0	0	0	ebpf_counter	2	6440	0	0	recvfrom
MEMO	1779966584000001257	network	0	0	0	ebpf_counter	2	6440	0	0	recvfrom
MEMO	1779966584000001258	network	0	0	0	ebpf_counter	2	6440	0	0	recvfrom
MEMO	1779966584000001259	network	0	0	0	ebpf_counter	2	6440	0	0	recvfrom
MEMO	1779966584000001260	network	0	0	0	ebpf_counter	2	6440	0	0	recvfrom
MEMO	1779966584000001261	network	0	0	0	ebpf_counter	2	6440	0	0	recvfrom
MEMO	1779966584000001262	network	0	0	0	ebpf_counter	2	6440	0	0	recvfrom
MEMO	1779966584000001263	network	0	0	0	ebpf_counter	2	6440	0	0	recvfrom
MEMO	1779966584000001264	network	0	0	0	ebpf_counter	2	6440	0	0	recvfrom
MEMO	1779966584000001265	network	0	0	0	ebpf_counter	2	6440	0	0	recvfrom
MEMO	1779966584000001266	network	0	0	0	ebpf_counter	2	6440	0	0	recvfrom
MEMO	1779966584000001267	network	0	0	0	ebpf_counter	2	6440	0	0	recvfrom
MEMO	1779966584000001268	network	0	0	0	ebpf_counter	2	6440	0	0	recvfrom
MEMO	1779966584000001269	network	0	0	0	ebpf_counter	2	6440	0	0	recvfrom
MEMO	1779966584000001270	network	0	0	0	ebpf_counter	2	6440	0	0	recvfrom
MEMO	1779966584000001271	network	0	0	0	ebpf_counter	2	6440	0	0	recvfrom
MEMO	1779966584000001272	network	0	0	0	ebpf_counter	2	6440	0	0	recvfrom
MEMO	1779966584000001273	network	0	0	0	ebpf_counter	2	6440	0	0	recvfrom
MEMO	1779966584000001274	network	0	0	0	ebpf_counter	2	6440	0	0	recvfrom
MEMO	1779966584000001275	network	0	0	0	ebpf_counter	2	6440	0	0	recvfrom
MEMO	1779966584000001276	network	0	0	0	ebpf_counter	2	6440	0	0	recvfrom
MEMO	1779966584000001277	network	0	0	0	ebpf_counter	2	6440	0	0	recvfrom
MEMO	1779966584000001278	network	0	0	0	ebpf_counter	2	6440	0	0	recvfrom
MEMO	1779966584000001279	network	0	0	0	ebpf_counter	2	6440	0	0	recvfrom
MEMO	1779966584000001280	network	0	0	0	ebpf_counter	2	6440	0	0	recvfrom
MEMO	1779966584000001281	network	0	0	0	ebpf_counter	2	6440	0	0	recvfrom
MEMO	1779966584000001282	network	0	0	0	ebpf_counter	2	6440	0	0	recvfrom
MEMO	1779966584000001283	network	0	0	0	ebpf_counter	2	6440	0	0	recvfrom
MEMO	1779966584000001284	network	0	0	0	ebpf_counter	2	6440	0	0	recvfrom
MEMO	1779966584000001285	network	0	0	0	ebpf_counter	2	6440	0	0	recvfrom
MEMO	1779966584000001286	network	0	0	0	ebpf_counter	2	6440	0	0	recvfrom
MEMO	1779966584000001287	network	0	0	0	ebpf_counter	2	6440	0	0	recvfrom
MEMO	1779966584000001288	network	0	0	0	ebpf_counter	2	6440	0	0	recvfrom
MEMO	1779966584000001289	network	0	0	0	ebpf_counter	2	6440	0	0	recvfrom
MEMO	1779966584000001290	network	0	0	0	ebpf_counter	2	6440	0	0	recvfrom
MEMO	1779966584000001291	network	0	0	0	ebpf_counter	2	6440	0	0	recvfrom
MEMO	1779966584000001292	network	0	0	0	ebpf_counter	2	6440	0	0	recvfrom
MEMO	1779966584000001293	network	0	0	0	ebpf_counter	2	6440	0	0	recvfrom
MEMO	1779966584000001294	network	0	0	0	ebpf_counter	2	6440	0	0	recvfrom
MEMO	1779966584000001295	network	0	0	0	ebpf_counter	2	6440	0	0	recvfrom
MEMO	1779966584000001296	network	0	0	0	ebpf_counter	2	6440	0	0	recvfrom
MEMO	1779966584000001297	network	0	0	0	ebpf_counter	2	6440	0	0	recvfrom
MEMO	1779966584000001298	network	0	0	0	ebpf_counter	2	6440	0	0	recvfrom
MEMO	1779966584000001299	network	0	0	0	ebpf_counter	2	6440	0	0	recvfrom
MEMO	1779966584000001300	network	0	0	0	ebpf_counter	2	6440	0	0	recvfrom
MEMO	1779966584000001301	network	0	0	0	ebpf_counter	2	6440	0	0	recvfrom
MEMO	1779966584000001302	network	0	0	0	ebpf_counter	2	6440	0	0	recvfrom
MEMO	1779966584000001303	network	0	0	0	ebpf_counter	2	6440	0	0	recvfrom
MEMO	1779966584000001304	network	0	0	0	ebpf_counter	2	6440	0	0	recvfrom
MEMO	1779966584000001305	network	0	0	0	ebpf_counter	2	6440	0	0	recvfrom
MEMO	1779966584000001306	network	0	0	0	ebpf_counter	2	6440	0	0	recvfrom
MEMO	1779966584000001307	network	0	0	0	ebpf_counter	2	6440	0	0	recvfrom
MEMO	1779966584000001308	network	0	0	0	ebpf_counter	2	6440	0	0	recvfrom
MEMO	1779966584000001309	network	0	0	0	ebpf_counter	2	6440	0	0	recvfrom
MEMO	1779966584000001310	network	0	0	0	ebpf_counter	2	6440	0	0	recvfrom
MEMO	1779966584000001311	network	0	0	0	ebpf_counter	2	6440	0	0	recvfrom
MEMO	1779966584000001312	network	0	0	0	ebpf_counter	2	6440	0	0	recvfrom
MEMO	1779966584000001313	network	0	0	0	ebpf_counter	2	6440	0	0	recvfrom
MEMO	1779966584000001314	network	0	0	0	ebpf_counter	2	6440	0	0	recvfrom
MEMO	1779966584000001315	network	0	0	0	ebpf_counter	2	6440	0	0	recvfrom
MEMO	1779966584000001316	network	0	0	0	ebpf_counter	2	6440	0	0	recvfrom
MEMO	1779966584000001317	network	0	0	0	ebpf_counter	2	6440	0	0	recvfrom
MEMO	1779966584000001318	network	0	0	0	ebpf_counter	2	6440	0	0	recvfrom
MEMO	1779966584000001319	network	0	0	0	ebpf_counter	2	6440	0	0	recvfrom
MEMO	1779966584000001320	network	0	0	0	ebpf_counter	2	6440	0	0	recvfrom
MEMO	1779966584000001321	network	0	0	0	ebpf_counter	2	6440	0	0	recvfrom
MEMO	1779966584000001322	network	0	0	0	ebpf_counter	2	6440	0	0	recvfrom
MEMO	1779966584000001323	network	0	0	0	ebpf_counter	2	6440	0	0	recvfrom
MEMO	1779966584000001324	network	0	0	0	ebpf_counter	2	6440	0	0	recvfrom
MEMO	1779966584000001325	network	0	0	0	ebpf_counter	2	6440	0	0	recvfrom
MEMO	1779966584000001326	network	0	0	0	ebpf_counter	2	6440	0	0	recvfrom
MEMO	1779966584000001327	network	0	0	0	ebpf_counter	2	6440	0	0	recvfrom
MEMO	1779966584000001328	network	0	0	0	ebpf_counter	2	6440	0	0	recvfrom
MEMO	1779966584000001329	network	0	0	0	ebpf_counter	2	6440	0	0	recvfrom
MEMO	1779966584000001330	network	0	0	0	ebpf_counter	2	6440	0	0	recvfrom
MEMO	1779966584000001331	network	0	0	0	ebpf_counter	2	6440	0	0	recvfrom
MEMO	1779966584000001332	network	0	0	0	ebpf_counter	2	6440	0	0	recvfrom
MEMO	1779966584000001333	network	0	0	0	ebpf_counter	2	6440	0	0	recvfrom
MEMO	1779966584000001334	network	0	0	0	ebpf_counter	2	6440	0	0	recvfrom
MEMO	1779966584000001335	network	0	0	0	ebpf_counter	2	6440	0	0	recvfrom
MEMO	1779966584000001336	network	0	0	0	ebpf_counter	2	6440	0	0	recvfrom
MEMO	1779966584000001337	network	0	0	0	ebpf_counter	2	6440	0	0	recvfrom
MEMO	1779966584000001338	network	0	0	0	ebpf_counter	2	6440	0	0	recvfrom
MEMO	1779966584000001339	network	0	0	0	ebpf_counter	2	6440	0	0	recvfrom
MEMO	1779966584000001340	network	0	0	0	ebpf_counter	2	6440	0	0	recvfrom
MEMO	1779966584000001341	network	0	0	0	ebpf_counter	2	6440	0	0	recvfrom
MEMO	1779966584000001342	network	0	0	0	ebpf_counter	2	6440	0	0	recvfrom
MEMO	1779966584000001343	network	0	0	0	ebpf_counter	2	6440	0	0	recvfrom
MEMO	1779966584000001344	network	0	0	0	ebpf_counter	2	6440	0	0	recvfrom
MEMO	1779966584000001345	network	0	0	0	ebpf_counter	2	6440	0	0	recvfrom
MEMO	1779966584000001346	network	0	0	0	ebpf_counter	2	6440	0	0	recvfrom
MEMO	1779966584000001347	network	0	0	0	ebpf_counter	2	6440	0	0	recvfrom
MEMO	1779966584000001348	network	0	0	0	ebpf_counter	2	6440	0	0	recvfrom
MEMO	1779966584000001349	network	0	0	0	ebpf_counter	2	6440	0	0	recvfrom
MEMO	1779966584000001350	network	0	0	0	ebpf_counter	2	6440	0	0	recvfrom
MEMO	1779966584000001351	network	0	0	0	ebpf_counter	2	6440	0	0	recvfrom
MEMO	1779966584000001352	network	0	0	0	ebpf_counter	2	6440	0	0	recvfrom
MEMO	1779966584000001353	network	0	0	0	ebpf_counter	2	6440	0	0	recvfrom
MEMO	1779966584000001354	network	0	0	0	ebpf_counter	2	6440	0	0	recvfrom
MEMO	1779966584000001355	network	0	0	0	ebpf_counter	2	6440	0	0	recvfrom
MEMO	1779966584000001356	network	0	0	0	ebpf_counter	2	6440	0	0	recvfrom
MEMO	1779966584000001357	network	0	0	0	ebpf_counter	2	6440	0	0	recvfrom
MEMO	1779966584000001358	network	0	0	0	ebpf_counter	2	6440	0	0	recvfrom
MEMO	1779966584000001359	network	0	0	0	ebpf_counter	2	6440	0	0	recvfrom
MEMO	1779966584000001360	network	0	0	0	ebpf_counter	2	6440	0	0	recvfrom
MEMO	1779966584000001361	network	0	0	0	ebpf_counter	2	6440	0	0	recvfrom
MEMO	1779966584000001362	network	0	0	0	ebpf_counter	2	6440	0	0	recvfrom
MEMO	1779966584000001363	network	0	0	0	ebpf_counter	2	6440	0	0	recvfrom
MEMO	1779966584000001364	network	0	0	0	ebpf_counter	2	6440	0	0	recvfrom
MEMO	1779966584000001365	network	0	0	0	ebpf_counter	2	6440	0	0	recvfrom
MEMO	1779966584000001366	network	0	0	0	ebpf_counter	2	6440	0	0	recvfrom
MEMO	1779966584000001367	network	0	0	0	ebpf_counter	2	6440	0	0	recvfrom
MEMO	1779966584000001368	network	0	0	0	ebpf_counter	2	6440	0	0	recvfrom
MEMO	1779966584000001369	network	0	0	0	ebpf_counter	2	6440	0	0	recvfrom
MEMO	1779966584000001370	network	0	0	0	ebpf_counter	2	6440	0	0	recvfrom
MEMO	1779966584000001371	network	0	0	0	ebpf_counter	2	6440	0	0	recvfrom
MEMO	1779966584000001372	network	0	0	0	ebpf_counter	2	6440	0	0	recvfrom
MEMO	1779966584000001373	network	0	0	0	ebpf_counter	2	6440	0	0	recvfrom
MEMO	1779966584000001374	network	0	0	0	ebpf_counter	2	6440	0	0	recvfrom
MEMO	1779966584000001375	network	0	0	0	ebpf_counter	2	6440	0	0	recvfrom
MEMO	1779966584000001376	network	0	0	0	ebpf_counter	2	6440	0	0	recvfrom
MEMO	1779966584000001377	network	0	0	0	ebpf_counter	2	6440	0	0	recvfrom
MEMO	1779966584000001378	network	0	0	0	ebpf_counter	2	6440	0	0	recvfrom
MEMO	1779966584000001379	network	0	0	0	ebpf_counter	2	6440	0	0	recvfrom
MEMO	1779966584000001380	network	0	0	0	ebpf_counter	2	6440	0	0	recvfrom
MEMO	1779966584000001381	network	0	0	0	ebpf_counter	2	6440	0	0	recvfrom
MEMO	1779966584000001382	network	0	0	0	ebpf_counter	2	6440	0	0	recvfrom
MEMO	1779966584000001383	network	0	0	0	ebpf_counter	2	6440	0	0	recvfrom
MEMO	1779966584000001384	network	0	0	0	ebpf_counter	2	6440	0	0	recvfrom
MEMO	1779966584000001385	network	0	0	0	ebpf_counter	2	6440	0	0	recvfrom
MEMO	1779966584000001386	network	0	0	0	ebpf_counter	2	6440	0	0	recvfrom
MEMO	1779966584000001387	network	0	0	0	ebpf_counter	2	6440	0	0	recvfrom
MEMO	1779966584000001388	network	0	0	0	ebpf_counter	2	6440	0	0	recvfrom
MEMO	1779966584000001389	network	0	0	0	ebpf_counter	2	6440	0	0	recvfrom
MEMO	1779966584000001390	network	0	0	0	ebpf_counter	2	6440	0	0	recvfrom
MEMO	1779966584000001391	network	0	0	0	ebpf_counter	2	6440	0	0	recvfrom
MEMO	1779966584000001392	network	0	0	0	ebpf_counter	2	6440	0	0	recvfrom
MEMO	1779966584000001393	network	0	0	0	ebpf_counter	2	6440	0	0	recvfrom
MEMO	1779966584000001394	network	0	0	0	ebpf_counter	2	6440	0	0	recvfrom
MEMO	1779966584000001395	network	0	0	0	ebpf_counter	2	6440	0	0	recvfrom
MEMO	1779966584000001396	network	0	0	0	ebpf_counter	2	6440	0	0	recvfrom
MEMO	1779966584000001397	network	0	0	0	ebpf_counter	2	6440	0	0	recvfrom
MEMO	1779966584000001398	network	0	0	0	ebpf_counter	2	6440	0	0	recvfrom
MEMO	1779966584000001399	network	0	0	0	ebpf_counter	2	6440	0	0	recvfrom
MEMO	1779966584000001400	network	0	0	0	ebpf_counter	2	6440	0	0	recvfrom
MEMO	1779966584000001401	network	0	0	0	ebpf_counter	2	6440	0	0	recvfrom
MEMO	1779966584000001402	network	0	0	0	ebpf_counter	2	6440	0	0	recvfrom
MEMO	1779966584000001403	network	0	0	0	ebpf_counter	2	6440	0	0	recvfrom
MEMO	1779966584000001404	network	0	0	0	ebpf_counter	2	6440	0	0	recvfrom
MEMO	1779966584000001405	network	0	0	0	ebpf_counter	2	6440	0	0	recvfrom
MEMO	1779966584000001406	network	0	0	0	ebpf_counter	2	6440	0	0	recvfrom
MEMO	1779966584000001407	network	0	0	0	ebpf_counter	2	6440	0	0	recvfrom
MEMO	1779966584000001408	network	0	0	0	ebpf_counter	2	6440	0	0	recvfrom
MEMO	1779966584000001409	network	0	0	0	ebpf_counter	2	6440	0	0	recvfrom
MEMO	1779966584000001410	network	0	0	0	ebpf_counter	2	6440	0	0	recvfrom
MEMO	1779966584000001411	network	0	0	0	ebpf_counter	2	6440	0	0	recvfrom
MEMO	1779966584000001412	network	0	0	0	ebpf_counter	2	6440	0	0	recvfrom
MEMO	1779966584000001413	network	0	0	0	ebpf_counter	2	6440	0	0	recvfrom
MEMO	1779966584000001414	network	0	0	0	ebpf_counter	2	6440	0	0	recvfrom
MEMO	1779966584000001415	network	0	0	0	ebpf_counter	2	6440	0	0	recvfrom
MEMO	1779966584000001416	network	0	0	0	ebpf_counter	2	6440	0	0	recvfrom
MEMO	1779966584000001417	network	0	0	0	ebpf_counter	2	6440	0	0	recvfrom
MEMO	1779966584000001418	network	0	0	0	ebpf_counter	2	6440	0	0	recvfrom
MEMO	1779966584000001419	network	0	0	0	ebpf_counter	2	6440	0	0	recvfrom
MEMO	1779966584000001420	network	0	0	0	ebpf_counter	2	6440	0	0	recvfrom
MEMO	1779966584000001421	network	0	0	0	ebpf_counter	2	6440	0	0	recvfrom
MEMO	1779966584000001422	network	0	0	0	ebpf_counter	2	6440	0	0	recvfrom
MEMO	1779966584000001423	network	0	0	0	ebpf_counter	2	6440	0	0	recvfrom
MEMO	1779966584000001424	network	0	0	0	ebpf_counter	2	6440	0	0	recvfrom
MEMO	1779966584000001425	network	0	0	0	ebpf_counter	2	6440	0	0	recvfrom
MEMO	1779966584000001426	network	0	0	0	ebpf_counter	2	6440	0	0	recvfrom
MEMO	1779966584000001427	network	0	0	0	ebpf_counter	2	6440	0	0	recvfrom
MEMO	1779966584000001428	network	0	0	0	ebpf_counter	2	6440	0	0	recvfrom
MEMO	1779966584000001429	network	0	0	0	ebpf_counter	2	6440	0	0	recvfrom
MEMO	1779966584000001430	network	0	0	0	ebpf_counter	2	6440	0	0	recvfrom
MEMO	1779966584000001431	network	0	0	0	ebpf_counter	2	6440	0	0	recvfrom
MEMO	1779966584000001432	network	0	0	0	ebpf_counter	2	6440	0	0	recvfrom
MEMO	1779966584000001433	network	0	0	0	ebpf_counter	2	6440	0	0	recvfrom
MEMO	1779966584000001434	network	0	0	0	ebpf_counter	2	6440	0	0	recvfrom
MEMO	1779966584000001435	network	0	0	0	ebpf_counter	2	6440	0	0	recvfrom
MEMO	1779966584000001436	network	0	0	0	ebpf_counter	2	6440	0	0	recvfrom
MEMO	1779966584000001437	network	0	0	0	ebpf_counter	2	6440	0	0	recvfrom
MEMO	1779966584000001438	network	0	0	0	ebpf_counter	2	6440	0	0	recvfrom
MEMO	1779966584000001439	network	0	0	0	ebpf_counter	2	6440	0	0	recvfrom
MEMO	1779966584000001440	network	0	0	0	ebpf_counter	2	6440	0	0	recvfrom
MEMO	1779966584000001441	network	0	0	0	ebpf_counter	2	6440	0	0	recvfrom
MEMO	1779966584000001442	network	0	0	0	ebpf_counter	2	6440	0	0	recvfrom
MEMO	1779966584000001443	network	0	0	0	ebpf_counter	2	6440	0	0	recvfrom
MEMO	1779966584000001444	network	0	0	0	ebpf_counter	2	6440	0	0	recvfrom
MEMO	1779966584000001445	network	0	0	0	ebpf_counter	2	6440	0	0	recvfrom
MEMO	1779966584000001446	network	0	0	0	ebpf_counter	2	6440	0	0	recvfrom
MEMO	1779966584000001447	network	0	0	0	ebpf_counter	2	6440	0	0	recvfrom
MEMO	1779966584000001448	network	0	0	0	ebpf_counter	2	6440	0	0	recvfrom
MEMO	1779966584000001449	network	0	0	0	ebpf_counter	2	6440	0	0	recvfrom
MEMO	1779966584000001450	network	0	0	0	ebpf_counter	2	6440	0	0	recvfrom
MEMO	1779966584000001451	network	0	0	0	ebpf_counter	2	6440	0	0	recvfrom
MEMO	1779966584000001452	network	0	0	0	ebpf_counter	2	6440	0	0	recvfrom
MEMO	1779966584000001453	network	0	0	0	ebpf_counter	2	6440	0	0	recvfrom
MEMO	1779966584000001454	network	0	0	0	ebpf_counter	2	6440	0	0	recvfrom
MEMO	1779966584000001455	network	0	0	0	ebpf_counter	2	6440	0	0	recvfrom
MEMO	1779966584000001456	network	0	0	0	ebpf_counter	2	6440	0	0	recvfrom
MEMO	1779966584000001457	network	0	0	0	ebpf_counter	2	6440	0	0	recvfrom
MEMO	1779966584000001458	network	0	0	0	ebpf_counter	2	6440	0	0	recvfrom
MEMO	1779966584000001459	network	0	0	0	ebpf_counter	2	6440	0	0	recvfrom
MEMO	1779966584000001460	network	0	0	0	ebpf_counter	2	6440	0	0	recvfrom
MEMO	1779966584000001461	network	0	0	0	ebpf_counter	2	6440	0	0	recvfrom
MEMO	1779966584000001462	network	0	0	0	ebpf_counter	2	6440	0	0	recvfrom
MEMO	1779966584000001463	network	0	0	0	ebpf_counter	2	6440	0	0	recvfrom
MEMO	1779966584000001464	network	0	0	0	ebpf_counter	2	6440	0	0	recvfrom
MEMO	1779966584000001465	network	0	0	0	ebpf_counter	2	6440	0	0	recvfrom
MEMO	1779966584000001466	network	0	0	0	ebpf_counter	2	6440	0	0	recvfrom
MEMO	1779966584000001467	network	0	0	0	ebpf_counter	2	6440	0	0	recvfrom
MEMO	1779966584000001468	network	0	0	0	ebpf_counter	2	6440	0	0	recvfrom
MEMO	1779966584000001469	network	0	0	0	ebpf_counter	2	6440	0	0	recvfrom
MEMO	1779966584000001470	network	0	0	0	ebpf_counter	2	6440	0	0	recvfrom
MEMO	1779966584000001471	network	0	0	0	ebpf_counter	2	6440	0	0	recvfrom
MEMO	1779966584000001472	network	0	0	0	ebpf_counter	2	6440	0	0	recvfrom
MEMO	1779966584000001473	network	0	0	0	ebpf_counter	2	6440	0	0	recvfrom
MEMO	1779966584000001474	network	0	0	0	ebpf_counter	2	6440	0	0	recvfrom
MEMO	1779966584000001475	network	0	0	0	ebpf_counter	2	6440	0	0	recvfrom
MEMO	1779966584000001476	network	0	0	0	ebpf_counter	2	6440	0	0	recvfrom
MEMO	1779966584000001477	network	0	0	0	ebpf_counter	2	6440	0	0	recvfrom
MEMO	1779966584000001478	network	0	0	0	ebpf_counter	2	6440	0	0	recvfrom
MEMO	1779966584000001479	network	0	0	0	ebpf_counter	2	6440	0	0	recvfrom
MEMO	1779966584000001480	network	0	0	0	ebpf_counter	2	6440	0	0	recvfrom
MEMO	1779966584000001481	network	0	0	0	ebpf_counter	2	6440	0	0	recvfrom
MEMO	1779966584000001482	network	0	0	0	ebpf_counter	2	6440	0	0	recvfrom
MEMO	1779966584000001483	network	0	0	0	ebpf_counter	2	6440	0	0	recvfrom
MEMO	1779966584000001484	network	0	0	0	ebpf_counter	2	6440	0	0	recvfrom
MEMO	1779966584000001485	network	0	0	0	ebpf_counter	2	6440	0	0	recvfrom
MEMO	1779966584000001486	network	0	0	0	ebpf_counter	2	6440	0	0	recvfrom
MEMO	1779966584000001487	network	0	0	0	ebpf_counter	2	6440	0	0	recvfrom
MEMO	1779966584000001488	network	0	0	0	ebpf_counter	2	6440	0	0	recvfrom
MEMO	1779966584000001489	network	0	0	0	ebpf_counter	2	6440	0	0	recvfrom
MEMO	1779966584000001490	network	0	0	0	ebpf_counter	2	6440	0	0	recvfrom
MEMO	1779966584000001491	network	0	0	0	ebpf_counter	2	6440	0	0	recvfrom
MEMO	1779966584000001492	network	0	0	0	ebpf_counter	2	6440	0	0	recvfrom
MEMO	1779966584000001493	network	0	0	0	ebpf_counter	2	6440	0	0	recvfrom
MEMO	1779966584000001494	network	0	0	0	ebpf_counter	2	6440	0	0	recvfrom
MEMO	1779966584000001495	network	0	0	0	ebpf_counter	2	6440	0	0	recvfrom
MEMO	1779966584000001496	network	0	0	0	ebpf_counter	2	6440	0	0	recvfrom
MEMO	1779966584000001497	network	0	0	0	ebpf_counter	2	6440	0	0	recvfrom
MEMO	1779966584000001498	network	0	0	0	ebpf_counter	2	6440	0	0	recvfrom
MEMO	1779966584000001499	network	0	0	0	ebpf_counter	2	6440	0	0	recvfrom
MEMO	1779966584000001500	network	0	0	0	ebpf_counter	2	6440	0	0	recvfrom
MEMO	1779966584000001501	network	0	0	0	ebpf_counter	2	6440	0	0	recvfrom
MEMO	1779966584000001502	network	0	0	0	ebpf_counter	2	6440	0	0	recvfrom
MEMO	1779966584000001503	network	0	0	0	ebpf_counter	2	6440	0	0	recvfrom
MEMO	1779966584000001504	network	0	0	0	ebpf_counter	2	6440	0	0	recvfrom
MEMO	1779966584000001505	network	0	0	0	ebpf_counter	2	6440	0	0	recvfrom
MEMO	1779966584000001506	network	0	0	0	ebpf_counter	2	6440	0	0	recvfrom
MEMO	1779966584000001507	network	0	0	0	ebpf_counter	2	6440	0	0	recvfrom
MEMO	1779966584000001508	network	0	0	0	ebpf_counter	2	6440	0	0	recvfrom
MEMO	1779966584000001509	network	0	0	0	ebpf_counter	2	6440	0	0	recvfrom
MEMO	1779966584000001510	network	0	0	0	ebpf_counter	2	6440	0	0	recvfrom
MEMO	1779966584000001511	network	0	0	0	ebpf_counter	2	6440	0	0	recvfrom
MEMO	1779966584000001512	network	0	0	0	ebpf_counter	2	6440	0	0	recvfrom
MEMO	1779966584000001513	network	0	0	0	ebpf_counter	2	6440	0	0	recvfrom
MEMO	1779966584000001514	network	0	0	0	ebpf_counter	2	6440	0	0	recvfrom
MEMO	1779966584000001515	network	0	0	0	ebpf_counter	2	6440	0	0	recvfrom
MEMO	1779966584000001516	network	0	0	0	ebpf_counter	2	6440	0	0	recvfrom
MEMO	1779966584000001517	network	0	0	0	ebpf_counter	2	6440	0	0	recvfrom
MEMO	1779966584000001518	network	0	0	0	ebpf_counter	2	6440	0	0	recvfrom
MEMO	1779966584000001519	network	0	0	0	ebpf_counter	2	6440	0	0	recvfrom
MEMO	1779966584000001520	network	0	0	0	ebpf_counter	2	6440	0	0	recvfrom
MEMO	1779966584000001521	network	0	0	0	ebpf_counter	2	6440	0	0	recvfrom
MEMO	1779966584000001522	network	0	0	0	ebpf_counter	2	6440	0	0	recvfrom
MEMO	1779966584000001523	network	0	0	0	ebpf_counter	2	6440	0	0	recvfrom
MEMO	1779966584000001524	network	0	0	0	ebpf_counter	2	6440	0	0	recvfrom
MEMO	1779966584000001525	network	0	0	0	ebpf_counter	2	6440	0	0	recvfrom
MEMO	1779966584000001526	network	0	0	0	ebpf_counter	2	6440	0	0	recvfrom
MEMO	1779966584000001527	network	0	0	0	ebpf_counter	2	6440	0	0	recvfrom
MEMO	1779966584000001528	network	0	0	0	ebpf_counter	2	6440	0	0	recvfrom
MEMO	1779966584000001529	network	0	0	0	ebpf_counter	2	6440	0	0	recvfrom
MEMO	1779966584000001530	network	0	0	0	ebpf_counter	2	6440	0	0	recvfrom
MEMO	1779966584000001531	network	0	0	0	ebpf_counter	2	6440	0	0	recvfrom
MEMO	1779966584000001532	network	0	0	0	ebpf_counter	2	6440	0	0	recvfrom
MEMO	1779966584000001533	network	0	0	0	ebpf_counter	2	6440	0	0	recvfrom
MEMO	1779966584000001534	network	0	0	0	ebpf_counter	2	6440	0	0	recvfrom
MEMO	1779966584000001535	network	0	0	0	ebpf_counter	2	6440	0	0	recvfrom
MEMO	1779966584000001536	network	0	0	0	ebpf_counter	2	6440	0	0	recvfrom
MEMO	1779966584000001537	network	0	0	0	ebpf_counter	2	6440	0	0	recvfrom
MEMO	1779966584000001538	network	0	0	0	ebpf_counter	2	6440	0	0	recvfrom
MEMO	1779966584000001539	network	0	0	0	ebpf_counter	2	6440	0	0	recvfrom
MEMO	1779966584000001540	network	0	0	0	ebpf_counter	2	6440	0	0	recvfrom
MEMO	1779966584000001541	network	0	0	0	ebpf_counter	2	6440	0	0	recvfrom
MEMO	1779966584000001542	network	0	0	0	ebpf_counter	2	6440	0	0	recvfrom
MEMO	1779966584000001543	network	0	0	0	ebpf_counter	2	6440	0	0	recvfrom
MEMO	1779966584000001544	network	0	0	0	ebpf_counter	2	6440	0	0	recvfrom
MEMO	1779966584000001545	network	0	0	0	ebpf_counter	2	6440	0	0	recvfrom
MEMO	1779966584000001546	network	0	0	0	ebpf_counter	2	6440	0	0	recvfrom
MEMO	1779966584000001547	network	0	0	0	ebpf_counter	2	6440	0	0	recvfrom
MEMO	1779966584000001548	network	0	0	0	ebpf_counter	2	6440	0	0	recvfrom
MEMO	1779966584000001549	network	0	0	0	ebpf_counter	2	6440	0	0	recvfrom
MEMO	1779966584000001550	network	0	0	0	ebpf_counter	2	6440	0	0	recvfrom
MEMO	1779966584000001551	network	0	0	0	ebpf_counter	2	6440	0	0	recvfrom
MEMO	1779966584000001552	network	0	0	0	ebpf_counter	2	6440	0	0	recvfrom
MEMO	1779966584000001553	network	0	0	0	ebpf_counter	2	6440	0	0	recvfrom
MEMO	1779966584000001554	network	0	0	0	ebpf_counter	2	6440	0	0	recvfrom
MEMO	1779966584000001555	network	0	0	0	ebpf_counter	2	6440	0	0	recvfrom
MEMO	1779966584000001556	network	0	0	0	ebpf_counter	2	6440	0	0	recvfrom
MEMO	1779966584000001557	network	0	0	0	ebpf_counter	2	6440	0	0	recvfrom
MEMO	1779966584000001558	network	0	0	0	ebpf_counter	2	6440	0	0	recvfrom
MEMO	1779966584000001559	network	0	0	0	ebpf_counter	2	6440	0	0	recvfrom
MEMO	1779966584000001560	network	0	0	0	ebpf_counter	2	6440	0	0	recvfrom
MEMO	1779966584000001561	network	0	0	0	ebpf_counter	2	6440	0	0	recvfrom
MEMO	1779966584000001562	network	0	0	0	ebpf_counter	2	6440	0	0	recvfrom
MEMO	1779966584000001563	network	0	0	0	ebpf_counter	2	6440	0	0	recvfrom
MEMO	1779966584000001564	network	0	0	0	ebpf_counter	2	6440	0	0	recvfrom
MEMO	1779966584000001565	network	0	0	0	ebpf_counter	2	6440	0	0	recvfrom
MEMO	1779966584000001566	network	0	0	0	ebpf_counter	2	6440	0	0	recvfrom
MEMO	1779966584000001567	network	0	0	0	ebpf_counter	2	6440	0	0	recvfrom
MEMO	1779966584000001568	network	0	0	0	ebpf_counter	2	6440	0	0	recvfrom
MEMO	1779966584000001569	network	0	0	0	ebpf_counter	2	6440	0	0	recvfrom
MEMO	1779966584000001570	network	0	0	0	ebpf_counter	2	6440	0	0	recvfrom
MEMO	1779966584000001571	network	0	0	0	ebpf_counter	2	6440	0	0	recvfrom
MEMO	1779966584000001572	network	0	0	0	ebpf_counter	2	6440	0	0	recvfrom
MEMO	1779966584000001573	network	0	0	0	ebpf_counter	2	6440	0	0	recvfrom
MEMO	1779966584000001574	network	0	0	0	ebpf_counter	2	6440	0	0	recvfrom
MEMO	1779966584000001575	network	0	0	0	ebpf_counter	2	6440	0	0	recvfrom
MEMO	1779966584000001576	network	0	0	0	ebpf_counter	2	6440	0	0	recvfrom
MEMO	1779966584000001577	network	0	0	0	ebpf_counter	2	6440	0	0	recvfrom
MEMO	1779966584000001578	network	0	0	0	ebpf_counter	2	6440	0	0	recvfrom
MEMO	1779966584000001579	network	0	0	0	ebpf_counter	2	6440	0	0	recvfrom
MEMO	1779966584000001580	network	0	0	0	ebpf_counter	2	6440	0	0	recvfrom
MEMO	1779966584000001581	network	0	0	0	ebpf_counter	2	6440	0	0	recvfrom
MEMO	1779966584000001582	network	0	0	0	ebpf_counter	2	6440	0	0	recvfrom
MEMO	1779966584000001583	network	0	0	0	ebpf_counter	2	6440	0	0	recvfrom
MEMO	1779966584000001584	network	0	0	0	ebpf_counter	2	6440	0	0	recvfrom
MEMO	1779966584000001585	network	0	0	0	ebpf_counter	2	6440	0	0	recvfrom
MEMO	1779966584000001586	network	0	0	0	ebpf_counter	2	6440	0	0	recvfrom
MEMO	1779966584000001587	network	0	0	0	ebpf_counter	2	6440	0	0	recvfrom
MEMO	1779966584000001588	network	0	0	0	ebpf_counter	2	6440	0	0	recvfrom
MEMO	1779966584000001589	network	0	0	0	ebpf_counter	2	6440	0	0	recvfrom
MEMO	1779966584000001590	network	0	0	0	ebpf_counter	2	6440	0	0	recvfrom
MEMO	1779966584000001591	network	0	0	0	ebpf_counter	2	6440	0	0	recvfrom
MEMO	1779966584000001592	network	0	0	0	ebpf_counter	2	6440	0	0	recvfrom
MEMO	1779966584000001593	network	0	0	0	ebpf_counter	2	6440	0	0	recvfrom
MEMO	1779966584000001594	network	0	0	0	ebpf_counter	2	6440	0	0	recvfrom
MEMO	1779966584000001595	network	0	0	0	ebpf_counter	2	6440	0	0	recvfrom
MEMO	1779966584000001596	network	0	0	0	ebpf_counter	2	6440	0	0	recvfrom
MEMO	1779966584000001597	network	0	0	0	ebpf_counter	2	6440	0	0	recvfrom
MEMO	1779966584000001598	network	0	0	0	ebpf_counter	2	6440	0	0	recvfrom
MEMO	1779966584000001599	network	0	0	0	ebpf_counter	2	6440	0	0	recvfrom
MEMO	1779966584000001600	network	0	0	0	ebpf_counter	2	6440	0	0	recvfrom
MEMO	1779966584000001601	sched	0	0	0	ebpf_counter	6	101913	0	0	sched_activity
MEMO	1779966584000001602	sched	0	0	0	ebpf_counter	6	101913	0	0	sched_activity
MEMO	1779966584000001603	sched	0	0	0	ebpf_counter	6	101913	0	0	sched_activity
MEMO	1779966584000001604	sched	0	0	0	ebpf_counter	6	101913	0	0	sched_activity
MEMO	1779966584000001605	sched	0	0	0	ebpf_counter	6	101913	0	0	sched_activity
MEMO	1779966584000001606	sched	0	0	0	ebpf_counter	6	101913	0	0	sched_activity
MEMO	1779966584000001607	sched	0	0	0	ebpf_counter	6	101913	0	0	sched_activity
MEMO	1779966584000001608	sched	0	0	0	ebpf_counter	6	101913	0	0	sched_activity
MEMO	1779966584000001609	sched	0	0	0	ebpf_counter	6	101913	0	0	sched_activity
MEMO	1779966584000001610	sched	0	0	0	ebpf_counter	6	101913	0	0	sched_activity
MEMO	1779966584000001611	sched	0	0	0	ebpf_counter	6	101913	0	0	sched_activity
MEMO	1779966584000001612	sched	0	0	0	ebpf_counter	6	101913	0	0	sched_activity
MEMO	1779966584000001613	sched	0	0	0	ebpf_counter	6	101913	0	0	sched_activity
MEMO	1779966584000001614	sched	0	0	0	ebpf_counter	6	101913	0	0	sched_activity
MEMO	1779966584000001615	sched	0	0	0	ebpf_counter	6	101913	0	0	sched_activity
MEMO	1779966584000001616	sched	0	0	0	ebpf_counter	6	101913	0	0	sched_activity
MEMO	1779966584000001617	sched	0	0	0	ebpf_counter	6	101913	0	0	sched_activity
MEMO	1779966584000001618	sched	0	0	0	ebpf_counter	6	101913	0	0	sched_activity
MEMO	1779966584000001619	sched	0	0	0	ebpf_counter	6	101913	0	0	sched_activity
MEMO	1779966584000001620	sched	0	0	0	ebpf_counter	6	101913	0	0	sched_activity
MEMO	1779966584000001621	sched	0	0	0	ebpf_counter	6	101913	0	0	sched_activity
MEMO	1779966584000001622	sched	0	0	0	ebpf_counter	6	101913	0	0	sched_activity
MEMO	1779966584000001623	sched	0	0	0	ebpf_counter	6	101913	0	0	sched_activity
MEMO	1779966584000001624	sched	0	0	0	ebpf_counter	6	101913	0	0	sched_activity
MEMO	1779966584000001625	sched	0	0	0	ebpf_counter	6	101913	0	0	sched_activity
MEMO	1779966584000001626	sched	0	0	0	ebpf_counter	6	101913	0	0	sched_activity
MEMO	1779966584000001627	sched	0	0	0	ebpf_counter	6	101913	0	0	sched_activity
MEMO	1779966584000001628	sched	0	0	0	ebpf_counter	6	101913	0	0	sched_activity
MEMO	1779966584000001629	sched	0	0	0	ebpf_counter	6	101913	0	0	sched_activity
MEMO	1779966584000001630	sched	0	0	0	ebpf_counter	6	101913	0	0	sched_activity
MEMO	1779966584000001631	sched	0	0	0	ebpf_counter	6	101913	0	0	sched_activity
MEMO	1779966584000001632	sched	0	0	0	ebpf_counter	6	101913	0	0	sched_activity
MEMO	1779966584000001633	sched	0	0	0	ebpf_counter	6	101913	0	0	sched_activity
MEMO	1779966584000001634	sched	0	0	0	ebpf_counter	6	101913	0	0	sched_activity
MEMO	1779966584000001635	sched	0	0	0	ebpf_counter	6	101913	0	0	sched_activity
MEMO	1779966584000001636	sched	0	0	0	ebpf_counter	6	101913	0	0	sched_activity
MEMO	1779966584000001637	sched	0	0	0	ebpf_counter	6	101913	0	0	sched_activity
MEMO	1779966584000001638	sched	0	0	0	ebpf_counter	6	101913	0	0	sched_activity
MEMO	1779966584000001639	sched	0	0	0	ebpf_counter	6	101913	0	0	sched_activity
MEMO	1779966584000001640	sched	0	0	0	ebpf_counter	6	101913	0	0	sched_activity
MEMO	1779966584000001641	sched	0	0	0	ebpf_counter	6	101913	0	0	sched_activity
MEMO	1779966584000001642	sched	0	0	0	ebpf_counter	6	101913	0	0	sched_activity
MEMO	1779966584000001643	sched	0	0	0	ebpf_counter	6	101913	0	0	sched_activity
MEMO	1779966584000001644	sched	0	0	0	ebpf_counter	6	101913	0	0	sched_activity
MEMO	1779966584000001645	sched	0	0	0	ebpf_counter	6	101913	0	0	sched_activity
MEMO	1779966584000001646	sched	0	0	0	ebpf_counter	6	101913	0	0	sched_activity
MEMO	1779966584000001647	sched	0	0	0	ebpf_counter	6	101913	0	0	sched_activity
MEMO	1779966584000001648	sched	0	0	0	ebpf_counter	6	101913	0	0	sched_activity
MEMO	1779966584000001649	sched	0	0	0	ebpf_counter	6	101913	0	0	sched_activity
MEMO	1779966584000001650	sched	0	0	0	ebpf_counter	6	101913	0	0	sched_activity
MEMO	1779966584000001651	sched	0	0	0	ebpf_counter	6	101913	0	0	sched_activity
MEMO	1779966584000001652	sched	0	0	0	ebpf_counter	6	101913	0	0	sched_activity
MEMO	1779966584000001653	sched	0	0	0	ebpf_counter	6	101913	0	0	sched_activity
MEMO	1779966584000001654	sched	0	0	0	ebpf_counter	6	101913	0	0	sched_activity
MEMO	1779966584000001655	sched	0	0	0	ebpf_counter	6	101913	0	0	sched_activity
MEMO	1779966584000001656	sched	0	0	0	ebpf_counter	6	101913	0	0	sched_activity
MEMO	1779966584000001657	sched	0	0	0	ebpf_counter	6	101913	0	0	sched_activity
MEMO	1779966584000001658	sched	0	0	0	ebpf_counter	6	101913	0	0	sched_activity
MEMO	1779966584000001659	sched	0	0	0	ebpf_counter	6	101913	0	0	sched_activity
MEMO	1779966584000001660	sched	0	0	0	ebpf_counter	6	101913	0	0	sched_activity
MEMO	1779966584000001661	sched	0	0	0	ebpf_counter	6	101913	0	0	sched_activity
MEMO	1779966584000001662	sched	0	0	0	ebpf_counter	6	101913	0	0	sched_activity
MEMO	1779966584000001663	sched	0	0	0	ebpf_counter	6	101913	0	0	sched_activity
MEMO	1779966584000001664	sched	0	0	0	ebpf_counter	6	101913	0	0	sched_activity
MEMO	1779966584000001665	sched	0	0	0	ebpf_counter	6	101913	0	0	sched_activity
MEMO	1779966584000001666	sched	0	0	0	ebpf_counter	6	101913	0	0	sched_activity
MEMO	1779966584000001667	sched	0	0	0	ebpf_counter	6	101913	0	0	sched_activity
MEMO	1779966584000001668	sched	0	0	0	ebpf_counter	6	101913	0	0	sched_activity
MEMO	1779966584000001669	sched	0	0	0	ebpf_counter	6	101913	0	0	sched_activity
MEMO	1779966584000001670	sched	0	0	0	ebpf_counter	6	101913	0	0	sched_activity
MEMO	1779966584000001671	sched	0	0	0	ebpf_counter	6	101913	0	0	sched_activity
MEMO	1779966584000001672	sched	0	0	0	ebpf_counter	6	101913	0	0	sched_activity
MEMO	1779966584000001673	sched	0	0	0	ebpf_counter	6	101913	0	0	sched_activity
MEMO	1779966584000001674	sched	0	0	0	ebpf_counter	6	101913	0	0	sched_activity
MEMO	1779966584000001675	sched	0	0	0	ebpf_counter	6	101913	0	0	sched_activity
MEMO	1779966584000001676	sched	0	0	0	ebpf_counter	6	101913	0	0	sched_activity
MEMO	1779966584000001677	sched	0	0	0	ebpf_counter	6	101913	0	0	sched_activity
MEMO	1779966584000001678	sched	0	0	0	ebpf_counter	6	101913	0	0	sched_activity
MEMO	1779966584000001679	sched	0	0	0	ebpf_counter	6	101913	0	0	sched_activity
MEMO	1779966584000001680	sched	0	0	0	ebpf_counter	6	101913	0	0	sched_activity
MEMO	1779966584000001681	sched	0	0	0	ebpf_counter	6	101913	0	0	sched_activity
MEMO	1779966584000001682	sched	0	0	0	ebpf_counter	6	101913	0	0	sched_activity
MEMO	1779966584000001683	sched	0	0	0	ebpf_counter	6	101913	0	0	sched_activity
MEMO	1779966584000001684	sched	0	0	0	ebpf_counter	6	101913	0	0	sched_activity
MEMO	1779966584000001685	sched	0	0	0	ebpf_counter	6	101913	0	0	sched_activity
MEMO	1779966584000001686	sched	0	0	0	ebpf_counter	6	101913	0	0	sched_activity
MEMO	1779966584000001687	sched	0	0	0	ebpf_counter	6	101913	0	0	sched_activity
MEMO	1779966584000001688	sched	0	0	0	ebpf_counter	6	101913	0	0	sched_activity
MEMO	1779966584000001689	sched	0	0	0	ebpf_counter	6	101913	0	0	sched_activity
MEMO	1779966584000001690	sched	0	0	0	ebpf_counter	6	101913	0	0	sched_activity
MEMO	1779966584000001691	sched	0	0	0	ebpf_counter	6	101913	0	0	sched_activity
MEMO	1779966584000001692	sched	0	0	0	ebpf_counter	6	101913	0	0	sched_activity
MEMO	1779966584000001693	sched	0	0	0	ebpf_counter	6	101913	0	0	sched_activity
MEMO	1779966584000001694	sched	0	0	0	ebpf_counter	6	101913	0	0	sched_activity
MEMO	1779966584000001695	sched	0	0	0	ebpf_counter	6	101913	0	0	sched_activity
MEMO	1779966584000001696	sched	0	0	0	ebpf_counter	6	101913	0	0	sched_activity
MEMO	1779966584000001697	sched	0	0	0	ebpf_counter	6	101913	0	0	sched_activity
MEMO	1779966584000001698	sched	0	0	0	ebpf_counter	6	101913	0	0	sched_activity
MEMO	1779966584000001699	sched	0	0	0	ebpf_counter	6	101913	0	0	sched_activity
MEMO	1779966584000001700	sched	0	0	0	ebpf_counter	6	101913	0	0	sched_activity
MEMO	1779966584000001701	sched	0	0	0	ebpf_counter	6	101913	0	0	sched_activity
MEMO	1779966584000001702	sched	0	0	0	ebpf_counter	6	101913	0	0	sched_activity
MEMO	1779966584000001703	sched	0	0	0	ebpf_counter	6	101913	0	0	sched_activity
MEMO	1779966584000001704	sched	0	0	0	ebpf_counter	6	101913	0	0	sched_activity
MEMO	1779966584000001705	sched	0	0	0	ebpf_counter	6	101913	0	0	sched_activity
MEMO	1779966584000001706	sched	0	0	0	ebpf_counter	6	101913	0	0	sched_activity
MEMO	1779966584000001707	sched	0	0	0	ebpf_counter	6	101913	0	0	sched_activity
MEMO	1779966584000001708	sched	0	0	0	ebpf_counter	6	101913	0	0	sched_activity
MEMO	1779966584000001709	sched	0	0	0	ebpf_counter	6	101913	0	0	sched_activity
MEMO	1779966584000001710	sched	0	0	0	ebpf_counter	6	101913	0	0	sched_activity
MEMO	1779966584000001711	sched	0	0	0	ebpf_counter	6	101913	0	0	sched_activity
MEMO	1779966584000001712	sched	0	0	0	ebpf_counter	6	101913	0	0	sched_activity
MEMO	1779966584000001713	sched	0	0	0	ebpf_counter	6	101913	0	0	sched_activity
MEMO	1779966584000001714	sched	0	0	0	ebpf_counter	6	101913	0	0	sched_activity
MEMO	1779966584000001715	sched	0	0	0	ebpf_counter	6	101913	0	0	sched_activity
MEMO	1779966584000001716	sched	0	0	0	ebpf_counter	6	101913	0	0	sched_activity
MEMO	1779966584000001717	sched	0	0	0	ebpf_counter	6	101913	0	0	sched_activity
MEMO	1779966584000001718	sched	0	0	0	ebpf_counter	6	101913	0	0	sched_activity
MEMO	1779966584000001719	sched	0	0	0	ebpf_counter	6	101913	0	0	sched_activity
MEMO	1779966584000001720	sched	0	0	0	ebpf_counter	6	101913	0	0	sched_activity
MEMO	1779966584000001721	sched	0	0	0	ebpf_counter	6	101913	0	0	sched_activity
MEMO	1779966584000001722	sched	0	0	0	ebpf_counter	6	101913	0	0	sched_activity
MEMO	1779966584000001723	sched	0	0	0	ebpf_counter	6	101913	0	0	sched_activity
MEMO	1779966584000001724	sched	0	0	0	ebpf_counter	6	101913	0	0	sched_activity
MEMO	1779966584000001725	sched	0	0	0	ebpf_counter	6	101913	0	0	sched_activity
MEMO	1779966584000001726	sched	0	0	0	ebpf_counter	6	101913	0	0	sched_activity
MEMO	1779966584000001727	sched	0	0	0	ebpf_counter	6	101913	0	0	sched_activity
MEMO	1779966584000001728	sched	0	0	0	ebpf_counter	6	101913	0	0	sched_activity
MEMO	1779966584000001729	sched	0	0	0	ebpf_counter	6	101913	0	0	sched_activity
MEMO	1779966584000001730	sched	0	0	0	ebpf_counter	6	101913	0	0	sched_activity
MEMO	1779966584000001731	sched	0	0	0	ebpf_counter	6	101913	0	0	sched_activity
MEMO	1779966584000001732	sched	0	0	0	ebpf_counter	6	101913	0	0	sched_activity
MEMO	1779966584000001733	sched	0	0	0	ebpf_counter	6	101913	0	0	sched_activity
MEMO	1779966584000001734	sched	0	0	0	ebpf_counter	6	101913	0	0	sched_activity
MEMO	1779966584000001735	sched	0	0	0	ebpf_counter	6	101913	0	0	sched_activity
MEMO	1779966584000001736	sched	0	0	0	ebpf_counter	6	101913	0	0	sched_activity
MEMO	1779966584000001737	sched	0	0	0	ebpf_counter	6	101913	0	0	sched_activity
MEMO	1779966584000001738	sched	0	0	0	ebpf_counter	6	101913	0	0	sched_activity
MEMO	1779966584000001739	sched	0	0	0	ebpf_counter	6	101913	0	0	sched_activity
MEMO	1779966584000001740	sched	0	0	0	ebpf_counter	6	101913	0	0	sched_activity
MEMO	1779966584000001741	sched	0	0	0	ebpf_counter	6	101913	0	0	sched_activity
MEMO	1779966584000001742	sched	0	0	0	ebpf_counter	6	101913	0	0	sched_activity
MEMO	1779966584000001743	sched	0	0	0	ebpf_counter	6	101913	0	0	sched_activity
MEMO	1779966584000001744	sched	0	0	0	ebpf_counter	6	101913	0	0	sched_activity
MEMO	1779966584000001745	sched	0	0	0	ebpf_counter	6	101913	0	0	sched_activity
MEMO	1779966584000001746	sched	0	0	0	ebpf_counter	6	101913	0	0	sched_activity
MEMO	1779966584000001747	sched	0	0	0	ebpf_counter	6	101913	0	0	sched_activity
MEMO	1779966584000001748	sched	0	0	0	ebpf_counter	6	101913	0	0	sched_activity
MEMO	1779966584000001749	sched	0	0	0	ebpf_counter	6	101913	0	0	sched_activity
MEMO	1779966584000001750	sched	0	0	0	ebpf_counter	6	101913	0	0	sched_activity
MEMO	1779966584000001751	sched	0	0	0	ebpf_counter	6	101913	0	0	sched_activity
MEMO	1779966584000001752	sched	0	0	0	ebpf_counter	6	101913	0	0	sched_activity
MEMO	1779966584000001753	sched	0	0	0	ebpf_counter	6	101913	0	0	sched_activity
MEMO	1779966584000001754	sched	0	0	0	ebpf_counter	6	101913	0	0	sched_activity
MEMO	1779966584000001755	sched	0	0	0	ebpf_counter	6	101913	0	0	sched_activity
MEMO	1779966584000001756	sched	0	0	0	ebpf_counter	6	101913	0	0	sched_activity
MEMO	1779966584000001757	sched	0	0	0	ebpf_counter	6	101913	0	0	sched_activity
MEMO	1779966584000001758	sched	0	0	0	ebpf_counter	6	101913	0	0	sched_activity
MEMO	1779966584000001759	sched	0	0	0	ebpf_counter	6	101913	0	0	sched_activity
MEMO	1779966584000001760	sched	0	0	0	ebpf_counter	6	101913	0	0	sched_activity
MEMO	1779966584000001761	sched	0	0	0	ebpf_counter	6	101913	0	0	sched_activity
MEMO	1779966584000001762	sched	0	0	0	ebpf_counter	6	101913	0	0	sched_activity
MEMO	1779966584000001763	sched	0	0	0	ebpf_counter	6	101913	0	0	sched_activity
MEMO	1779966584000001764	sched	0	0	0	ebpf_counter	6	101913	0	0	sched_activity
MEMO	1779966584000001765	sched	0	0	0	ebpf_counter	6	101913	0	0	sched_activity
MEMO	1779966584000001766	sched	0	0	0	ebpf_counter	6	101913	0	0	sched_activity
MEMO	1779966584000001767	sched	0	0	0	ebpf_counter	6	101913	0	0	sched_activity
MEMO	1779966584000001768	sched	0	0	0	ebpf_counter	6	101913	0	0	sched_activity
MEMO	1779966584000001769	sched	0	0	0	ebpf_counter	6	101913	0	0	sched_activity
MEMO	1779966584000001770	sched	0	0	0	ebpf_counter	6	101913	0	0	sched_activity
MEMO	1779966584000001771	sched	0	0	0	ebpf_counter	6	101913	0	0	sched_activity
MEMO	1779966584000001772	sched	0	0	0	ebpf_counter	6	101913	0	0	sched_activity
MEMO	1779966584000001773	sched	0	0	0	ebpf_counter	6	101913	0	0	sched_activity
MEMO	1779966584000001774	sched	0	0	0	ebpf_counter	6	101913	0	0	sched_activity
MEMO	1779966584000001775	sched	0	0	0	ebpf_counter	6	101913	0	0	sched_activity
MEMO	1779966584000001776	sched	0	0	0	ebpf_counter	6	101913	0	0	sched_activity
MEMO	1779966584000001777	sched	0	0	0	ebpf_counter	6	101913	0	0	sched_activity
MEMO	1779966584000001778	sched	0	0	0	ebpf_counter	6	101913	0	0	sched_activity
MEMO	1779966584000001779	sched	0	0	0	ebpf_counter	6	101913	0	0	sched_activity
MEMO	1779966584000001780	sched	0	0	0	ebpf_counter	6	101913	0	0	sched_activity
MEMO	1779966584000001781	sched	0	0	0	ebpf_counter	6	101913	0	0	sched_activity
MEMO	1779966584000001782	sched	0	0	0	ebpf_counter	6	101913	0	0	sched_activity
MEMO	1779966584000001783	sched	0	0	0	ebpf_counter	6	101913	0	0	sched_activity
MEMO	1779966584000001784	sched	0	0	0	ebpf_counter	6	101913	0	0	sched_activity
MEMO	1779966584000001785	sched	0	0	0	ebpf_counter	6	101913	0	0	sched_activity
MEMO	1779966584000001786	sched	0	0	0	ebpf_counter	6	101913	0	0	sched_activity
MEMO	1779966584000001787	sched	0	0	0	ebpf_counter	6	101913	0	0	sched_activity
MEMO	1779966584000001788	sched	0	0	0	ebpf_counter	6	101913	0	0	sched_activity
MEMO	1779966584000001789	sched	0	0	0	ebpf_counter	6	101913	0	0	sched_activity
MEMO	1779966584000001790	sched	0	0	0	ebpf_counter	6	101913	0	0	sched_activity
MEMO	1779966584000001791	sched	0	0	0	ebpf_counter	6	101913	0	0	sched_activity
MEMO	1779966584000001792	sched	0	0	0	ebpf_counter	6	101913	0	0	sched_activity
MEMO	1779966584000001793	sched	0	0	0	ebpf_counter	6	101913	0	0	sched_activity
MEMO	1779966584000001794	sched	0	0	0	ebpf_counter	6	101913	0	0	sched_activity
MEMO	1779966584000001795	sched	0	0	0	ebpf_counter	6	101913	0	0	sched_activity
MEMO	1779966584000001796	sched	0	0	0	ebpf_counter	6	101913	0	0	sched_activity
MEMO	1779966584000001797	sched	0	0	0	ebpf_counter	6	101913	0	0	sched_activity
MEMO	1779966584000001798	sched	0	0	0	ebpf_counter	6	101913	0	0	sched_activity
MEMO	1779966584000001799	sched	0	0	0	ebpf_counter	6	101913	0	0	sched_activity
MEMO	1779966584000001800	sched	0	0	0	ebpf_counter	6	101913	0	0	sched_activity
MEMO	1779966584000001801	sched	0	0	0	ebpf_counter	6	101913	0	0	sched_activity
MEMO	1779966584000001802	sched	0	0	0	ebpf_counter	6	101913	0	0	sched_activity
MEMO	1779966584000001803	sched	0	0	0	ebpf_counter	6	101913	0	0	sched_activity
MEMO	1779966584000001804	sched	0	0	0	ebpf_counter	6	101913	0	0	sched_activity
MEMO	1779966584000001805	sched	0	0	0	ebpf_counter	6	101913	0	0	sched_activity
MEMO	1779966584000001806	sched	0	0	0	ebpf_counter	6	101913	0	0	sched_activity
MEMO	1779966584000001807	sched	0	0	0	ebpf_counter	6	101913	0	0	sched_activity
MEMO	1779966584000001808	sched	0	0	0	ebpf_counter	6	101913	0	0	sched_activity
MEMO	1779966584000001809	sched	0	0	0	ebpf_counter	6	101913	0	0	sched_activity
MEMO	1779966584000001810	sched	0	0	0	ebpf_counter	6	101913	0	0	sched_activity
MEMO	1779966584000001811	sched	0	0	0	ebpf_counter	6	101913	0	0	sched_activity
MEMO	1779966584000001812	sched	0	0	0	ebpf_counter	6	101913	0	0	sched_activity
MEMO	1779966584000001813	sched	0	0	0	ebpf_counter	6	101913	0	0	sched_activity
MEMO	1779966584000001814	sched	0	0	0	ebpf_counter	6	101913	0	0	sched_activity
MEMO	1779966584000001815	sched	0	0	0	ebpf_counter	6	101913	0	0	sched_activity
MEMO	1779966584000001816	sched	0	0	0	ebpf_counter	6	101913	0	0	sched_activity
MEMO	1779966584000001817	sched	0	0	0	ebpf_counter	6	101913	0	0	sched_activity
MEMO	1779966584000001818	sched	0	0	0	ebpf_counter	6	101913	0	0	sched_activity
MEMO	1779966584000001819	sched	0	0	0	ebpf_counter	6	101913	0	0	sched_activity
MEMO	1779966584000001820	sched	0	0	0	ebpf_counter	6	101913	0	0	sched_activity
MEMO	1779966584000001821	sched	0	0	0	ebpf_counter	6	101913	0	0	sched_activity
MEMO	1779966584000001822	sched	0	0	0	ebpf_counter	6	101913	0	0	sched_activity
MEMO	1779966584000001823	sched	0	0	0	ebpf_counter	6	101913	0	0	sched_activity
MEMO	1779966584000001824	sched	0	0	0	ebpf_counter	6	101913	0	0	sched_activity
MEMO	1779966584000001825	sched	0	0	0	ebpf_counter	6	101913	0	0	sched_activity
MEMO	1779966584000001826	sched	0	0	0	ebpf_counter	6	101913	0	0	sched_activity
MEMO	1779966584000001827	sched	0	0	0	ebpf_counter	6	101913	0	0	sched_activity
MEMO	1779966584000001828	sched	0	0	0	ebpf_counter	6	101913	0	0	sched_activity
MEMO	1779966584000001829	sched	0	0	0	ebpf_counter	6	101913	0	0	sched_activity
MEMO	1779966584000001830	sched	0	0	0	ebpf_counter	6	101913	0	0	sched_activity
MEMO	1779966584000001831	sched	0	0	0	ebpf_counter	6	101913	0	0	sched_activity
MEMO	1779966584000001832	sched	0	0	0	ebpf_counter	6	101913	0	0	sched_activity
MEMO	1779966584000001833	sched	0	0	0	ebpf_counter	6	101913	0	0	sched_activity
MEMO	1779966584000001834	sched	0	0	0	ebpf_counter	6	101913	0	0	sched_activity
MEMO	1779966584000001835	sched	0	0	0	ebpf_counter	6	101913	0	0	sched_activity
MEMO	1779966584000001836	sched	0	0	0	ebpf_counter	6	101913	0	0	sched_activity
MEMO	1779966584000001837	sched	0	0	0	ebpf_counter	6	101913	0	0	sched_activity
MEMO	1779966584000001838	sched	0	0	0	ebpf_counter	6	101913	0	0	sched_activity
MEMO	1779966584000001839	sched	0	0	0	ebpf_counter	6	101913	0	0	sched_activity
MEMO	1779966584000001840	sched	0	0	0	ebpf_counter	6	101913	0	0	sched_activity
MEMO	1779966584000001841	sched	0	0	0	ebpf_counter	6	101913	0	0	sched_activity
MEMO	1779966584000001842	sched	0	0	0	ebpf_counter	6	101913	0	0	sched_activity
MEMO	1779966584000001843	sched	0	0	0	ebpf_counter	6	101913	0	0	sched_activity
MEMO	1779966584000001844	sched	0	0	0	ebpf_counter	6	101913	0	0	sched_activity
MEMO	1779966584000001845	sched	0	0	0	ebpf_counter	6	101913	0	0	sched_activity
MEMO	1779966584000001846	sched	0	0	0	ebpf_counter	6	101913	0	0	sched_activity
MEMO	1779966584000001847	sched	0	0	0	ebpf_counter	6	101913	0	0	sched_activity
MEMO	1779966584000001848	sched	0	0	0	ebpf_counter	6	101913	0	0	sched_activity
MEMO	1779966584000001849	sched	0	0	0	ebpf_counter	6	101913	0	0	sched_activity
MEMO	1779966584000001850	sched	0	0	0	ebpf_counter	6	101913	0	0	sched_activity
MEMO	1779966584000001851	sched	0	0	0	ebpf_counter	6	101913	0	0	sched_activity
MEMO	1779966584000001852	sched	0	0	0	ebpf_counter	6	101913	0	0	sched_activity
MEMO	1779966584000001853	sched	0	0	0	ebpf_counter	6	101913	0	0	sched_activity
MEMO	1779966584000001854	sched	0	0	0	ebpf_counter	6	101913	0	0	sched_activity
MEMO	1779966584000001855	sched	0	0	0	ebpf_counter	6	101913	0	0	sched_activity
MEMO	1779966584000001856	sched	0	0	0	ebpf_counter	6	101913	0	0	sched_activity
MEMO	1779966584000001857	sched	0	0	0	ebpf_counter	6	101913	0	0	sched_activity
MEMO	1779966584000001858	sched	0	0	0	ebpf_counter	6	101913	0	0	sched_activity
MEMO	1779966584000001859	sched	0	0	0	ebpf_counter	6	101913	0	0	sched_activity
MEMO	1779966584000001860	sched	0	0	0	ebpf_counter	6	101913	0	0	sched_activity
MEMO	1779966584000001861	sched	0	0	0	ebpf_counter	6	101913	0	0	sched_activity
MEMO	1779966584000001862	sched	0	0	0	ebpf_counter	6	101913	0	0	sched_activity
MEMO	1779966584000001863	sched	0	0	0	ebpf_counter	6	101913	0	0	sched_activity
MEMO	1779966584000001864	sched	0	0	0	ebpf_counter	6	101913	0	0	sched_activity
MEMO	1779966584000001865	sched	0	0	0	ebpf_counter	6	101913	0	0	sched_activity
MEMO	1779966584000001866	sched	0	0	0	ebpf_counter	6	101913	0	0	sched_activity
MEMO	1779966584000001867	sched	0	0	0	ebpf_counter	6	101913	0	0	sched_activity
MEMO	1779966584000001868	sched	0	0	0	ebpf_counter	6	101913	0	0	sched_activity
MEMO	1779966584000001869	sched	0	0	0	ebpf_counter	6	101913	0	0	sched_activity
MEMO	1779966584000001870	sched	0	0	0	ebpf_counter	6	101913	0	0	sched_activity
MEMO	1779966584000001871	sched	0	0	0	ebpf_counter	6	101913	0	0	sched_activity
MEMO	1779966584000001872	sched	0	0	0	ebpf_counter	6	101913	0	0	sched_activity
MEMO	1779966584000001873	sched	0	0	0	ebpf_counter	6	101913	0	0	sched_activity
MEMO	1779966584000001874	sched	0	0	0	ebpf_counter	6	101913	0	0	sched_activity
MEMO	1779966584000001875	sched	0	0	0	ebpf_counter	6	101913	0	0	sched_activity
MEMO	1779966584000001876	sched	0	0	0	ebpf_counter	6	101913	0	0	sched_activity
MEMO	1779966584000001877	sched	0	0	0	ebpf_counter	6	101913	0	0	sched_activity
MEMO	1779966584000001878	sched	0	0	0	ebpf_counter	6	101913	0	0	sched_activity
MEMO	1779966584000001879	sched	0	0	0	ebpf_counter	6	101913	0	0	sched_activity
MEMO	1779966584000001880	sched	0	0	0	ebpf_counter	6	101913	0	0	sched_activity
MEMO	1779966584000001881	sched	0	0	0	ebpf_counter	6	101913	0	0	sched_activity
MEMO	1779966584000001882	sched	0	0	0	ebpf_counter	6	101913	0	0	sched_activity
MEMO	1779966584000001883	sched	0	0	0	ebpf_counter	6	101913	0	0	sched_activity
MEMO	1779966584000001884	sched	0	0	0	ebpf_counter	6	101913	0	0	sched_activity
MEMO	1779966584000001885	sched	0	0	0	ebpf_counter	6	101913	0	0	sched_activity
MEMO	1779966584000001886	sched	0	0	0	ebpf_counter	6	101913	0	0	sched_activity
MEMO	1779966584000001887	sched	0	0	0	ebpf_counter	6	101913	0	0	sched_activity
MEMO	1779966584000001888	sched	0	0	0	ebpf_counter	6	101913	0	0	sched_activity
MEMO	1779966584000001889	sched	0	0	0	ebpf_counter	6	101913	0	0	sched_activity
MEMO	1779966584000001890	sched	0	0	0	ebpf_counter	6	101913	0	0	sched_activity
MEMO	1779966584000001891	sched	0	0	0	ebpf_counter	6	101913	0	0	sched_activity
MEMO	1779966584000001892	sched	0	0	0	ebpf_counter	6	101913	0	0	sched_activity
MEMO	1779966584000001893	sched	0	0	0	ebpf_counter	6	101913	0	0	sched_activity
MEMO	1779966584000001894	sched	0	0	0	ebpf_counter	6	101913	0	0	sched_activity
MEMO	1779966584000001895	sched	0	0	0	ebpf_counter	6	101913	0	0	sched_activity
MEMO	1779966584000001896	sched	0	0	0	ebpf_counter	6	101913	0	0	sched_activity
MEMO	1779966584000001897	sched	0	0	0	ebpf_counter	6	101913	0	0	sched_activity
MEMO	1779966584000001898	sched	0	0	0	ebpf_counter	6	101913	0	0	sched_activity
MEMO	1779966584000001899	sched	0	0	0	ebpf_counter	6	101913	0	0	sched_activity
MEMO	1779966584000001900	sched	0	0	0	ebpf_counter	6	101913	0	0	sched_activity
MEMO	1779966584000001901	sched	0	0	0	ebpf_counter	6	101913	0	0	sched_activity
MEMO	1779966584000001902	sched	0	0	0	ebpf_counter	6	101913	0	0	sched_activity
MEMO	1779966584000001903	sched	0	0	0	ebpf_counter	6	101913	0	0	sched_activity
MEMO	1779966584000001904	sched	0	0	0	ebpf_counter	6	101913	0	0	sched_activity
MEMO	1779966584000001905	sched	0	0	0	ebpf_counter	6	101913	0	0	sched_activity
MEMO	1779966584000001906	sched	0	0	0	ebpf_counter	6	101913	0	0	sched_activity
MEMO	1779966584000001907	sched	0	0	0	ebpf_counter	6	101913	0	0	sched_activity
MEMO	1779966584000001908	sched	0	0	0	ebpf_counter	6	101913	0	0	sched_activity
MEMO	1779966584000001909	sched	0	0	0	ebpf_counter	6	101913	0	0	sched_activity
MEMO	1779966584000001910	sched	0	0	0	ebpf_counter	6	101913	0	0	sched_activity
MEMO	1779966584000001911	sched	0	0	0	ebpf_counter	6	101913	0	0	sched_activity
MEMO	1779966584000001912	sched	0	0	0	ebpf_counter	6	101913	0	0	sched_activity
MEMO	1779966584000001913	sched	0	0	0	ebpf_counter	6	101913	0	0	sched_activity
MEMO	1779966584000001914	sched	0	0	0	ebpf_counter	6	101913	0	0	sched_activity
MEMO	1779966584000001915	sched	0	0	0	ebpf_counter	6	101913	0	0	sched_activity
MEMO	1779966584000001916	sched	0	0	0	ebpf_counter	6	101913	0	0	sched_activity
MEMO	1779966584000001917	sched	0	0	0	ebpf_counter	6	101913	0	0	sched_activity
MEMO	1779966584000001918	sched	0	0	0	ebpf_counter	6	101913	0	0	sched_activity
MEMO	1779966584000001919	sched	0	0	0	ebpf_counter	6	101913	0	0	sched_activity
MEMO	1779966584000001920	sched	0	0	0	ebpf_counter	6	101913	0	0	sched_activity
MEMO	1779966584000001921	sched	0	0	0	ebpf_counter	6	101913	0	0	sched_activity
MEMO	1779966584000001922	sched	0	0	0	ebpf_counter	6	101913	0	0	sched_activity
MEMO	1779966584000001923	sched	0	0	0	ebpf_counter	6	101913	0	0	sched_activity
MEMO	1779966584000001924	sched	0	0	0	ebpf_counter	6	101913	0	0	sched_activity
MEMO	1779966584000001925	sched	0	0	0	ebpf_counter	6	101913	0	0	sched_activity
MEMO	1779966584000001926	sched	0	0	0	ebpf_counter	6	101913	0	0	sched_activity
MEMO	1779966584000001927	sched	0	0	0	ebpf_counter	6	101913	0	0	sched_activity
MEMO	1779966584000001928	sched	0	0	0	ebpf_counter	6	101913	0	0	sched_activity
MEMO	1779966584000001929	sched	0	0	0	ebpf_counter	6	101913	0	0	sched_activity
MEMO	1779966584000001930	sched	0	0	0	ebpf_counter	6	101913	0	0	sched_activity
MEMO	1779966584000001931	sched	0	0	0	ebpf_counter	6	101913	0	0	sched_activity
MEMO	1779966584000001932	sched	0	0	0	ebpf_counter	6	101913	0	0	sched_activity
MEMO	1779966584000001933	sched	0	0	0	ebpf_counter	6	101913	0	0	sched_activity
MEMO	1779966584000001934	sched	0	0	0	ebpf_counter	6	101913	0	0	sched_activity
MEMO	1779966584000001935	sched	0	0	0	ebpf_counter	6	101913	0	0	sched_activity
MEMO	1779966584000001936	sched	0	0	0	ebpf_counter	6	101913	0	0	sched_activity
MEMO	1779966584000001937	sched	0	0	0	ebpf_counter	6	101913	0	0	sched_activity
MEMO	1779966584000001938	sched	0	0	0	ebpf_counter	6	101913	0	0	sched_activity
MEMO	1779966584000001939	sched	0	0	0	ebpf_counter	6	101913	0	0	sched_activity
MEMO	1779966584000001940	sched	0	0	0	ebpf_counter	6	101913	0	0	sched_activity
MEMO	1779966584000001941	sched	0	0	0	ebpf_counter	6	101913	0	0	sched_activity
MEMO	1779966584000001942	sched	0	0	0	ebpf_counter	6	101913	0	0	sched_activity
MEMO	1779966584000001943	sched	0	0	0	ebpf_counter	6	101913	0	0	sched_activity
MEMO	1779966584000001944	sched	0	0	0	ebpf_counter	6	101913	0	0	sched_activity
MEMO	1779966584000001945	sched	0	0	0	ebpf_counter	6	101913	0	0	sched_activity
MEMO	1779966584000001946	sched	0	0	0	ebpf_counter	6	101913	0	0	sched_activity
MEMO	1779966584000001947	sched	0	0	0	ebpf_counter	6	101913	0	0	sched_activity
MEMO	1779966584000001948	sched	0	0	0	ebpf_counter	6	101913	0	0	sched_activity
MEMO	1779966584000001949	sched	0	0	0	ebpf_counter	6	101913	0	0	sched_activity
MEMO	1779966584000001950	sched	0	0	0	ebpf_counter	6	101913	0	0	sched_activity
MEMO	1779966584000001951	sched	0	0	0	ebpf_counter	6	101913	0	0	sched_activity
MEMO	1779966584000001952	sched	0	0	0	ebpf_counter	6	101913	0	0	sched_activity
MEMO	1779966584000001953	sched	0	0	0	ebpf_counter	6	101913	0	0	sched_activity
MEMO	1779966584000001954	sched	0	0	0	ebpf_counter	6	101913	0	0	sched_activity
MEMO	1779966584000001955	sched	0	0	0	ebpf_counter	6	101913	0	0	sched_activity
MEMO	1779966584000001956	sched	0	0	0	ebpf_counter	6	101913	0	0	sched_activity
MEMO	1779966584000001957	sched	0	0	0	ebpf_counter	6	101913	0	0	sched_activity
MEMO	1779966584000001958	sched	0	0	0	ebpf_counter	6	101913	0	0	sched_activity
MEMO	1779966584000001959	sched	0	0	0	ebpf_counter	6	101913	0	0	sched_activity
MEMO	1779966584000001960	sched	0	0	0	ebpf_counter	6	101913	0	0	sched_activity
MEMO	1779966584000001961	sched	0	0	0	ebpf_counter	6	101913	0	0	sched_activity
MEMO	1779966584000001962	sched	0	0	0	ebpf_counter	6	101913	0	0	sched_activity
MEMO	1779966584000001963	sched	0	0	0	ebpf_counter	6	101913	0	0	sched_activity
MEMO	1779966584000001964	sched	0	0	0	ebpf_counter	6	101913	0	0	sched_activity
MEMO	1779966584000001965	sched	0	0	0	ebpf_counter	6	101913	0	0	sched_activity
MEMO	1779966584000001966	sched	0	0	0	ebpf_counter	6	101913	0	0	sched_activity
MEMO	1779966584000001967	sched	0	0	0	ebpf_counter	6	101913	0	0	sched_activity
MEMO	1779966584000001968	sched	0	0	0	ebpf_counter	6	101913	0	0	sched_activity
MEMO	1779966584000001969	sched	0	0	0	ebpf_counter	6	101913	0	0	sched_activity
MEMO	1779966584000001970	sched	0	0	0	ebpf_counter	6	101913	0	0	sched_activity
MEMO	1779966584000001971	sched	0	0	0	ebpf_counter	6	101913	0	0	sched_activity
MEMO	1779966584000001972	sched	0	0	0	ebpf_counter	6	101913	0	0	sched_activity
MEMO	1779966584000001973	sched	0	0	0	ebpf_counter	6	101913	0	0	sched_activity
MEMO	1779966584000001974	sched	0	0	0	ebpf_counter	6	101913	0	0	sched_activity
MEMO	1779966584000001975	sched	0	0	0	ebpf_counter	6	101913	0	0	sched_activity
MEMO	1779966584000001976	sched	0	0	0	ebpf_counter	6	101913	0	0	sched_activity
MEMO	1779966584000001977	sched	0	0	0	ebpf_counter	6	101913	0	0	sched_activity
MEMO	1779966584000001978	sched	0	0	0	ebpf_counter	6	101913	0	0	sched_activity
MEMO	1779966584000001979	sched	0	0	0	ebpf_counter	6	101913	0	0	sched_activity
MEMO	1779966584000001980	sched	0	0	0	ebpf_counter	6	101913	0	0	sched_activity
MEMO	1779966584000001981	sched	0	0	0	ebpf_counter	6	101913	0	0	sched_activity
MEMO	1779966584000001982	sched	0	0	0	ebpf_counter	6	101913	0	0	sched_activity
MEMO	1779966584000001983	sched	0	0	0	ebpf_counter	6	101913	0	0	sched_activity
MEMO	1779966584000001984	sched	0	0	0	ebpf_counter	6	101913	0	0	sched_activity
MEMO	1779966584000001985	sched	0	0	0	ebpf_counter	6	101913	0	0	sched_activity
MEMO	1779966584000001986	sched	0	0	0	ebpf_counter	6	101913	0	0	sched_activity
MEMO	1779966584000001987	sched	0	0	0	ebpf_counter	6	101913	0	0	sched_activity
MEMO	1779966584000001988	sched	0	0	0	ebpf_counter	6	101913	0	0	sched_activity
MEMO	1779966584000001989	sched	0	0	0	ebpf_counter	6	101913	0	0	sched_activity
MEMO	1779966584000001990	sched	0	0	0	ebpf_counter	6	101913	0	0	sched_activity
MEMO	1779966584000001991	sched	0	0	0	ebpf_counter	6	101913	0	0	sched_activity
MEMO	1779966584000001992	sched	0	0	0	ebpf_counter	6	101913	0	0	sched_activity
MEMO	1779966584000001993	sched	0	0	0	ebpf_counter	6	101913	0	0	sched_activity
MEMO	1779966584000001994	sched	0	0	0	ebpf_counter	6	101913	0	0	sched_activity
MEMO	1779966584000001995	sched	0	0	0	ebpf_counter	6	101913	0	0	sched_activity
MEMO	1779966584000001996	sched	0	0	0	ebpf_counter	6	101913	0	0	sched_activity
MEMO	1779966584000001997	sched	0	0	0	ebpf_counter	6	101913	0	0	sched_activity
MEMO	1779966584000001998	sched	0	0	0	ebpf_counter	6	101913	0	0	sched_activity
MEMO	1779966584000001999	sched	0	0	0	ebpf_counter	6	101913	0	0	sched_activity
MEMO	1779966584000002000	sched	0	0	0	ebpf_counter	6	101913	0	0	sched_activity
MEMO	1779966584000002001	process_fork	0	0	0	ebpf_counter	7	178	0	0	process_fork
MEMO	1779966584000002002	process_fork	0	0	0	ebpf_counter	7	178	0	0	process_fork
MEMO	1779966584000002003	process_fork	0	0	0	ebpf_counter	7	178	0	0	process_fork
MEMO	1779966584000002004	process_fork	0	0	0	ebpf_counter	7	178	0	0	process_fork
MEMO	1779966584000002005	process_fork	0	0	0	ebpf_counter	7	178	0	0	process_fork
MEMO	1779966584000002006	process_fork	0	0	0	ebpf_counter	7	178	0	0	process_fork
MEMO	1779966584000002007	process_fork	0	0	0	ebpf_counter	7	178	0	0	process_fork
MEMO	1779966584000002008	process_fork	0	0	0	ebpf_counter	7	178	0	0	process_fork
MEMO	1779966584000002009	process_fork	0	0	0	ebpf_counter	7	178	0	0	process_fork
MEMO	1779966584000002010	process_fork	0	0	0	ebpf_counter	7	178	0	0	process_fork
MEMO	1779966584000002011	process_fork	0	0	0	ebpf_counter	7	178	0	0	process_fork
MEMO	1779966584000002012	process_fork	0	0	0	ebpf_counter	7	178	0	0	process_fork
MEMO	1779966584000002013	process_fork	0	0	0	ebpf_counter	7	178	0	0	process_fork
MEMO	1779966584000002014	process_fork	0	0	0	ebpf_counter	7	178	0	0	process_fork
MEMO	1779966584000002015	process_fork	0	0	0	ebpf_counter	7	178	0	0	process_fork
MEMO	1779966584000002016	process_fork	0	0	0	ebpf_counter	7	178	0	0	process_fork
MEMO	1779966584000002017	process_fork	0	0	0	ebpf_counter	7	178	0	0	process_fork
MEMO	1779966584000002018	process_fork	0	0	0	ebpf_counter	7	178	0	0	process_fork
MEMO	1779966584000002019	process_fork	0	0	0	ebpf_counter	7	178	0	0	process_fork
MEMO	1779966584000002020	process_fork	0	0	0	ebpf_counter	7	178	0	0	process_fork
MEMO	1779966584000002021	process_fork	0	0	0	ebpf_counter	7	178	0	0	process_fork
MEMO	1779966584000002022	process_fork	0	0	0	ebpf_counter	7	178	0	0	process_fork
MEMO	1779966584000002023	process_fork	0	0	0	ebpf_counter	7	178	0	0	process_fork
MEMO	1779966584000002024	process_fork	0	0	0	ebpf_counter	7	178	0	0	process_fork
MEMO	1779966584000002025	process_fork	0	0	0	ebpf_counter	7	178	0	0	process_fork
MEMO	1779966584000002026	process_fork	0	0	0	ebpf_counter	7	178	0	0	process_fork
MEMO	1779966584000002027	process_fork	0	0	0	ebpf_counter	7	178	0	0	process_fork
MEMO	1779966584000002028	process_fork	0	0	0	ebpf_counter	7	178	0	0	process_fork
MEMO	1779966584000002029	process_fork	0	0	0	ebpf_counter	7	178	0	0	process_fork
MEMO	1779966584000002030	process_fork	0	0	0	ebpf_counter	7	178	0	0	process_fork
MEMO	1779966584000002031	process_fork	0	0	0	ebpf_counter	7	178	0	0	process_fork
MEMO	1779966584000002032	process_fork	0	0	0	ebpf_counter	7	178	0	0	process_fork
MEMO	1779966584000002033	process_fork	0	0	0	ebpf_counter	7	178	0	0	process_fork
MEMO	1779966584000002034	process_fork	0	0	0	ebpf_counter	7	178	0	0	process_fork
MEMO	1779966584000002035	process_fork	0	0	0	ebpf_counter	7	178	0	0	process_fork
MEMO	1779966584000002036	process_fork	0	0	0	ebpf_counter	7	178	0	0	process_fork
MEMO	1779966584000002037	process_fork	0	0	0	ebpf_counter	7	178	0	0	process_fork
MEMO	1779966584000002038	process_fork	0	0	0	ebpf_counter	7	178	0	0	process_fork
MEMO	1779966584000002039	process_fork	0	0	0	ebpf_counter	7	178	0	0	process_fork
MEMO	1779966584000002040	process_fork	0	0	0	ebpf_counter	7	178	0	0	process_fork
MEMO	1779966584000002041	process_fork	0	0	0	ebpf_counter	7	178	0	0	process_fork
MEMO	1779966584000002042	process_fork	0	0	0	ebpf_counter	7	178	0	0	process_fork
MEMO	1779966584000002043	process_fork	0	0	0	ebpf_counter	7	178	0	0	process_fork
MEMO	1779966584000002044	process_fork	0	0	0	ebpf_counter	7	178	0	0	process_fork
MEMO	1779966584000002045	process_fork	0	0	0	ebpf_counter	7	178	0	0	process_fork
MEMO	1779966584000002046	process_fork	0	0	0	ebpf_counter	7	178	0	0	process_fork
MEMO	1779966584000002047	process_fork	0	0	0	ebpf_counter	7	178	0	0	process_fork
MEMO	1779966584000002048	process_fork	0	0	0	ebpf_counter	7	178	0	0	process_fork
MEMO	1779966584000002049	process_fork	0	0	0	ebpf_counter	7	178	0	0	process_fork
MEMO	1779966584000002050	process_fork	0	0	0	ebpf_counter	7	178	0	0	process_fork
MEMO	1779966584000002051	process_fork	0	0	0	ebpf_counter	7	178	0	0	process_fork
MEMO	1779966584000002052	process_fork	0	0	0	ebpf_counter	7	178	0	0	process_fork
MEMO	1779966584000002053	process_fork	0	0	0	ebpf_counter	7	178	0	0	process_fork
MEMO	1779966584000002054	process_fork	0	0	0	ebpf_counter	7	178	0	0	process_fork
MEMO	1779966584000002055	process_fork	0	0	0	ebpf_counter	7	178	0	0	process_fork
MEMO	1779966584000002056	process_fork	0	0	0	ebpf_counter	7	178	0	0	process_fork
MEMO	1779966584000002057	process_fork	0	0	0	ebpf_counter	7	178	0	0	process_fork
MEMO	1779966584000002058	process_fork	0	0	0	ebpf_counter	7	178	0	0	process_fork
MEMO	1779966584000002059	process_fork	0	0	0	ebpf_counter	7	178	0	0	process_fork
MEMO	1779966584000002060	process_fork	0	0	0	ebpf_counter	7	178	0	0	process_fork
MEMO	1779966584000002061	process_fork	0	0	0	ebpf_counter	7	178	0	0	process_fork
MEMO	1779966584000002062	process_fork	0	0	0	ebpf_counter	7	178	0	0	process_fork
MEMO	1779966584000002063	process_fork	0	0	0	ebpf_counter	7	178	0	0	process_fork
MEMO	1779966584000002064	process_fork	0	0	0	ebpf_counter	7	178	0	0	process_fork
MEMO	1779966584000002065	process_fork	0	0	0	ebpf_counter	7	178	0	0	process_fork
MEMO	1779966584000002066	process_fork	0	0	0	ebpf_counter	7	178	0	0	process_fork
MEMO	1779966584000002067	process_fork	0	0	0	ebpf_counter	7	178	0	0	process_fork
MEMO	1779966584000002068	process_fork	0	0	0	ebpf_counter	7	178	0	0	process_fork
MEMO	1779966584000002069	process_fork	0	0	0	ebpf_counter	7	178	0	0	process_fork
MEMO	1779966584000002070	process_fork	0	0	0	ebpf_counter	7	178	0	0	process_fork
MEMO	1779966584000002071	process_fork	0	0	0	ebpf_counter	7	178	0	0	process_fork
MEMO	1779966584000002072	process_fork	0	0	0	ebpf_counter	7	178	0	0	process_fork
MEMO	1779966584000002073	process_fork	0	0	0	ebpf_counter	7	178	0	0	process_fork
MEMO	1779966584000002074	process_fork	0	0	0	ebpf_counter	7	178	0	0	process_fork
MEMO	1779966584000002075	process_fork	0	0	0	ebpf_counter	7	178	0	0	process_fork
MEMO	1779966584000002076	process_fork	0	0	0	ebpf_counter	7	178	0	0	process_fork
MEMO	1779966584000002077	process_fork	0	0	0	ebpf_counter	7	178	0	0	process_fork
MEMO	1779966584000002078	process_fork	0	0	0	ebpf_counter	7	178	0	0	process_fork
MEMO	1779966584000002079	process_fork	0	0	0	ebpf_counter	7	178	0	0	process_fork
MEMO	1779966584000002080	process_fork	0	0	0	ebpf_counter	7	178	0	0	process_fork
MEMO	1779966584000002081	process_fork	0	0	0	ebpf_counter	7	178	0	0	process_fork
MEMO	1779966584000002082	process_fork	0	0	0	ebpf_counter	7	178	0	0	process_fork
MEMO	1779966584000002083	process_fork	0	0	0	ebpf_counter	7	178	0	0	process_fork
MEMO	1779966584000002084	process_fork	0	0	0	ebpf_counter	7	178	0	0	process_fork
MEMO	1779966584000002085	process_fork	0	0	0	ebpf_counter	7	178	0	0	process_fork
MEMO	1779966584000002086	process_fork	0	0	0	ebpf_counter	7	178	0	0	process_fork
MEMO	1779966584000002087	process_fork	0	0	0	ebpf_counter	7	178	0	0	process_fork
MEMO	1779966584000002088	process_fork	0	0	0	ebpf_counter	7	178	0	0	process_fork
MEMO	1779966584000002089	process_fork	0	0	0	ebpf_counter	7	178	0	0	process_fork
MEMO	1779966584000002090	process_fork	0	0	0	ebpf_counter	7	178	0	0	process_fork
MEMO	1779966584000002091	process_fork	0	0	0	ebpf_counter	7	178	0	0	process_fork
MEMO	1779966584000002092	process_fork	0	0	0	ebpf_counter	7	178	0	0	process_fork
MEMO	1779966584000002093	process_fork	0	0	0	ebpf_counter	7	178	0	0	process_fork
MEMO	1779966584000002094	process_fork	0	0	0	ebpf_counter	7	178	0	0	process_fork
MEMO	1779966584000002095	process_fork	0	0	0	ebpf_counter	7	178	0	0	process_fork
MEMO	1779966584000002096	process_fork	0	0	0	ebpf_counter	7	178	0	0	process_fork
MEMO	1779966584000002097	process_fork	0	0	0	ebpf_counter	7	178	0	0	process_fork
MEMO	1779966584000002098	process_fork	0	0	0	ebpf_counter	7	178	0	0	process_fork
MEMO	1779966584000002099	process_fork	0	0	0	ebpf_counter	7	178	0	0	process_fork
MEMO	1779966584000002100	process_fork	0	0	0	ebpf_counter	7	178	0	0	process_fork
MEMO	1779966584000002101	process_fork	0	0	0	ebpf_counter	7	178	0	0	process_fork
MEMO	1779966584000002102	process_fork	0	0	0	ebpf_counter	7	178	0	0	process_fork
MEMO	1779966584000002103	process_fork	0	0	0	ebpf_counter	7	178	0	0	process_fork
MEMO	1779966584000002104	process_fork	0	0	0	ebpf_counter	7	178	0	0	process_fork
MEMO	1779966584000002105	process_fork	0	0	0	ebpf_counter	7	178	0	0	process_fork
MEMO	1779966584000002106	process_fork	0	0	0	ebpf_counter	7	178	0	0	process_fork
MEMO	1779966584000002107	process_fork	0	0	0	ebpf_counter	7	178	0	0	process_fork
MEMO	1779966584000002108	process_fork	0	0	0	ebpf_counter	7	178	0	0	process_fork
MEMO	1779966584000002109	process_fork	0	0	0	ebpf_counter	7	178	0	0	process_fork
MEMO	1779966584000002110	process_fork	0	0	0	ebpf_counter	7	178	0	0	process_fork
MEMO	1779966584000002111	process_fork	0	0	0	ebpf_counter	7	178	0	0	process_fork
MEMO	1779966584000002112	process_fork	0	0	0	ebpf_counter	7	178	0	0	process_fork
MEMO	1779966584000002113	process_fork	0	0	0	ebpf_counter	7	178	0	0	process_fork
MEMO	1779966584000002114	process_fork	0	0	0	ebpf_counter	7	178	0	0	process_fork
MEMO	1779966584000002115	process_fork	0	0	0	ebpf_counter	7	178	0	0	process_fork
MEMO	1779966584000002116	process_fork	0	0	0	ebpf_counter	7	178	0	0	process_fork
MEMO	1779966584000002117	process_fork	0	0	0	ebpf_counter	7	178	0	0	process_fork
MEMO	1779966584000002118	process_fork	0	0	0	ebpf_counter	7	178	0	0	process_fork
MEMO	1779966584000002119	process_fork	0	0	0	ebpf_counter	7	178	0	0	process_fork
MEMO	1779966584000002120	process_fork	0	0	0	ebpf_counter	7	178	0	0	process_fork
MEMO	1779966584000002121	process_fork	0	0	0	ebpf_counter	7	178	0	0	process_fork
MEMO	1779966584000002122	process_fork	0	0	0	ebpf_counter	7	178	0	0	process_fork
MEMO	1779966584000002123	process_fork	0	0	0	ebpf_counter	7	178	0	0	process_fork
MEMO	1779966584000002124	process_fork	0	0	0	ebpf_counter	7	178	0	0	process_fork
MEMO	1779966584000002125	process_fork	0	0	0	ebpf_counter	7	178	0	0	process_fork
MEMO	1779966584000002126	process_fork	0	0	0	ebpf_counter	7	178	0	0	process_fork
MEMO	1779966584000002127	process_fork	0	0	0	ebpf_counter	7	178	0	0	process_fork
MEMO	1779966584000002128	process_fork	0	0	0	ebpf_counter	7	178	0	0	process_fork
MEMO	1779966584000002129	process_fork	0	0	0	ebpf_counter	7	178	0	0	process_fork
MEMO	1779966584000002130	process_fork	0	0	0	ebpf_counter	7	178	0	0	process_fork
MEMO	1779966584000002131	process_fork	0	0	0	ebpf_counter	7	178	0	0	process_fork
MEMO	1779966584000002132	process_fork	0	0	0	ebpf_counter	7	178	0	0	process_fork
MEMO	1779966584000002133	process_fork	0	0	0	ebpf_counter	7	178	0	0	process_fork
MEMO	1779966584000002134	process_fork	0	0	0	ebpf_counter	7	178	0	0	process_fork
MEMO	1779966584000002135	process_fork	0	0	0	ebpf_counter	7	178	0	0	process_fork
MEMO	1779966584000002136	process_fork	0	0	0	ebpf_counter	7	178	0	0	process_fork
MEMO	1779966584000002137	process_fork	0	0	0	ebpf_counter	7	178	0	0	process_fork
MEMO	1779966584000002138	process_fork	0	0	0	ebpf_counter	7	178	0	0	process_fork
MEMO	1779966584000002139	process_fork	0	0	0	ebpf_counter	7	178	0	0	process_fork
MEMO	1779966584000002140	process_fork	0	0	0	ebpf_counter	7	178	0	0	process_fork
MEMO	1779966584000002141	process_fork	0	0	0	ebpf_counter	7	178	0	0	process_fork
MEMO	1779966584000002142	process_fork	0	0	0	ebpf_counter	7	178	0	0	process_fork
MEMO	1779966584000002143	process_fork	0	0	0	ebpf_counter	7	178	0	0	process_fork
MEMO	1779966584000002144	process_fork	0	0	0	ebpf_counter	7	178	0	0	process_fork
MEMO	1779966584000002145	process_fork	0	0	0	ebpf_counter	7	178	0	0	process_fork
MEMO	1779966584000002146	process_fork	0	0	0	ebpf_counter	7	178	0	0	process_fork
MEMO	1779966584000002147	process_fork	0	0	0	ebpf_counter	7	178	0	0	process_fork
MEMO	1779966584000002148	process_fork	0	0	0	ebpf_counter	7	178	0	0	process_fork
MEMO	1779966584000002149	process_fork	0	0	0	ebpf_counter	7	178	0	0	process_fork
MEMO	1779966584000002150	process_fork	0	0	0	ebpf_counter	7	178	0	0	process_fork
MEMO	1779966584000002151	process_fork	0	0	0	ebpf_counter	7	178	0	0	process_fork
MEMO	1779966584000002152	process_fork	0	0	0	ebpf_counter	7	178	0	0	process_fork
MEMO	1779966584000002153	process_fork	0	0	0	ebpf_counter	7	178	0	0	process_fork
MEMO	1779966584000002154	process_fork	0	0	0	ebpf_counter	7	178	0	0	process_fork
MEMO	1779966584000002155	process_fork	0	0	0	ebpf_counter	7	178	0	0	process_fork
MEMO	1779966584000002156	process_fork	0	0	0	ebpf_counter	7	178	0	0	process_fork
MEMO	1779966584000002157	process_fork	0	0	0	ebpf_counter	7	178	0	0	process_fork
MEMO	1779966584000002158	process_fork	0	0	0	ebpf_counter	7	178	0	0	process_fork
MEMO	1779966584000002159	process_fork	0	0	0	ebpf_counter	7	178	0	0	process_fork
MEMO	1779966584000002160	process_fork	0	0	0	ebpf_counter	7	178	0	0	process_fork
MEMO	1779966584000002161	process_fork	0	0	0	ebpf_counter	7	178	0	0	process_fork
MEMO	1779966584000002162	process_fork	0	0	0	ebpf_counter	7	178	0	0	process_fork
MEMO	1779966584000002163	process_fork	0	0	0	ebpf_counter	7	178	0	0	process_fork
MEMO	1779966584000002164	process_fork	0	0	0	ebpf_counter	7	178	0	0	process_fork
MEMO	1779966584000002165	process_fork	0	0	0	ebpf_counter	7	178	0	0	process_fork
MEMO	1779966584000002166	process_fork	0	0	0	ebpf_counter	7	178	0	0	process_fork
MEMO	1779966584000002167	process_fork	0	0	0	ebpf_counter	7	178	0	0	process_fork
MEMO	1779966584000002168	process_fork	0	0	0	ebpf_counter	7	178	0	0	process_fork
MEMO	1779966584000002169	process_fork	0	0	0	ebpf_counter	7	178	0	0	process_fork
MEMO	1779966584000002170	process_fork	0	0	0	ebpf_counter	7	178	0	0	process_fork
MEMO	1779966584000002171	process_fork	0	0	0	ebpf_counter	7	178	0	0	process_fork
MEMO	1779966584000002172	process_fork	0	0	0	ebpf_counter	7	178	0	0	process_fork
MEMO	1779966584000002173	process_fork	0	0	0	ebpf_counter	7	178	0	0	process_fork
MEMO	1779966584000002174	process_fork	0	0	0	ebpf_counter	7	178	0	0	process_fork
MEMO	1779966584000002175	process_fork	0	0	0	ebpf_counter	7	178	0	0	process_fork
MEMO	1779966584000002176	process_fork	0	0	0	ebpf_counter	7	178	0	0	process_fork
MEMO	1779966584000002177	process_fork	0	0	0	ebpf_counter	7	178	0	0	process_fork
MEMO	1779966584000002178	process_fork	0	0	0	ebpf_counter	7	178	0	0	process_fork
MEMO	1779966584000002179	process_exit	0	0	0	ebpf_counter	8	181	0	0	process_exit
MEMO	1779966584000002180	process_exit	0	0	0	ebpf_counter	8	181	0	0	process_exit
MEMO	1779966584000002181	process_exit	0	0	0	ebpf_counter	8	181	0	0	process_exit
MEMO	1779966584000002182	process_exit	0	0	0	ebpf_counter	8	181	0	0	process_exit
MEMO	1779966584000002183	process_exit	0	0	0	ebpf_counter	8	181	0	0	process_exit
MEMO	1779966584000002184	process_exit	0	0	0	ebpf_counter	8	181	0	0	process_exit
MEMO	1779966584000002185	process_exit	0	0	0	ebpf_counter	8	181	0	0	process_exit
MEMO	1779966584000002186	process_exit	0	0	0	ebpf_counter	8	181	0	0	process_exit
MEMO	1779966584000002187	process_exit	0	0	0	ebpf_counter	8	181	0	0	process_exit
MEMO	1779966584000002188	process_exit	0	0	0	ebpf_counter	8	181	0	0	process_exit
MEMO	1779966584000002189	process_exit	0	0	0	ebpf_counter	8	181	0	0	process_exit
MEMO	1779966584000002190	process_exit	0	0	0	ebpf_counter	8	181	0	0	process_exit
MEMO	1779966584000002191	process_exit	0	0	0	ebpf_counter	8	181	0	0	process_exit
MEMO	1779966584000002192	process_exit	0	0	0	ebpf_counter	8	181	0	0	process_exit
MEMO	1779966584000002193	process_exit	0	0	0	ebpf_counter	8	181	0	0	process_exit
MEMO	1779966584000002194	process_exit	0	0	0	ebpf_counter	8	181	0	0	process_exit
MEMO	1779966584000002195	process_exit	0	0	0	ebpf_counter	8	181	0	0	process_exit
MEMO	1779966584000002196	process_exit	0	0	0	ebpf_counter	8	181	0	0	process_exit
MEMO	1779966584000002197	process_exit	0	0	0	ebpf_counter	8	181	0	0	process_exit
MEMO	1779966584000002198	process_exit	0	0	0	ebpf_counter	8	181	0	0	process_exit
MEMO	1779966584000002199	process_exit	0	0	0	ebpf_counter	8	181	0	0	process_exit
MEMO	1779966584000002200	process_exit	0	0	0	ebpf_counter	8	181	0	0	process_exit
MEMO	1779966584000002201	process_exit	0	0	0	ebpf_counter	8	181	0	0	process_exit
MEMO	1779966584000002202	process_exit	0	0	0	ebpf_counter	8	181	0	0	process_exit
MEMO	1779966584000002203	process_exit	0	0	0	ebpf_counter	8	181	0	0	process_exit
MEMO	1779966584000002204	process_exit	0	0	0	ebpf_counter	8	181	0	0	process_exit
MEMO	1779966584000002205	process_exit	0	0	0	ebpf_counter	8	181	0	0	process_exit
MEMO	1779966584000002206	process_exit	0	0	0	ebpf_counter	8	181	0	0	process_exit
MEMO	1779966584000002207	process_exit	0	0	0	ebpf_counter	8	181	0	0	process_exit
MEMO	1779966584000002208	process_exit	0	0	0	ebpf_counter	8	181	0	0	process_exit
MEMO	1779966584000002209	process_exit	0	0	0	ebpf_counter	8	181	0	0	process_exit
MEMO	1779966584000002210	process_exit	0	0	0	ebpf_counter	8	181	0	0	process_exit
MEMO	1779966584000002211	process_exit	0	0	0	ebpf_counter	8	181	0	0	process_exit
MEMO	1779966584000002212	process_exit	0	0	0	ebpf_counter	8	181	0	0	process_exit
MEMO	1779966584000002213	process_exit	0	0	0	ebpf_counter	8	181	0	0	process_exit
MEMO	1779966584000002214	process_exit	0	0	0	ebpf_counter	8	181	0	0	process_exit
MEMO	1779966584000002215	process_exit	0	0	0	ebpf_counter	8	181	0	0	process_exit
MEMO	1779966584000002216	process_exit	0	0	0	ebpf_counter	8	181	0	0	process_exit
MEMO	1779966584000002217	process_exit	0	0	0	ebpf_counter	8	181	0	0	process_exit
MEMO	1779966584000002218	process_exit	0	0	0	ebpf_counter	8	181	0	0	process_exit
MEMO	1779966584000002219	process_exit	0	0	0	ebpf_counter	8	181	0	0	process_exit
MEMO	1779966584000002220	process_exit	0	0	0	ebpf_counter	8	181	0	0	process_exit
MEMO	1779966584000002221	process_exit	0	0	0	ebpf_counter	8	181	0	0	process_exit
MEMO	1779966584000002222	process_exit	0	0	0	ebpf_counter	8	181	0	0	process_exit
MEMO	1779966584000002223	process_exit	0	0	0	ebpf_counter	8	181	0	0	process_exit
MEMO	1779966584000002224	process_exit	0	0	0	ebpf_counter	8	181	0	0	process_exit
MEMO	1779966584000002225	process_exit	0	0	0	ebpf_counter	8	181	0	0	process_exit
MEMO	1779966584000002226	process_exit	0	0	0	ebpf_counter	8	181	0	0	process_exit
MEMO	1779966584000002227	process_exit	0	0	0	ebpf_counter	8	181	0	0	process_exit
MEMO	1779966584000002228	process_exit	0	0	0	ebpf_counter	8	181	0	0	process_exit
MEMO	1779966584000002229	process_exit	0	0	0	ebpf_counter	8	181	0	0	process_exit
MEMO	1779966584000002230	process_exit	0	0	0	ebpf_counter	8	181	0	0	process_exit
MEMO	1779966584000002231	process_exit	0	0	0	ebpf_counter	8	181	0	0	process_exit
MEMO	1779966584000002232	process_exit	0	0	0	ebpf_counter	8	181	0	0	process_exit
MEMO	1779966584000002233	process_exit	0	0	0	ebpf_counter	8	181	0	0	process_exit
MEMO	1779966584000002234	process_exit	0	0	0	ebpf_counter	8	181	0	0	process_exit
MEMO	1779966584000002235	process_exit	0	0	0	ebpf_counter	8	181	0	0	process_exit
MEMO	1779966584000002236	process_exit	0	0	0	ebpf_counter	8	181	0	0	process_exit
MEMO	1779966584000002237	process_exit	0	0	0	ebpf_counter	8	181	0	0	process_exit
MEMO	1779966584000002238	process_exit	0	0	0	ebpf_counter	8	181	0	0	process_exit
MEMO	1779966584000002239	process_exit	0	0	0	ebpf_counter	8	181	0	0	process_exit
MEMO	1779966584000002240	process_exit	0	0	0	ebpf_counter	8	181	0	0	process_exit
MEMO	1779966584000002241	process_exit	0	0	0	ebpf_counter	8	181	0	0	process_exit
MEMO	1779966584000002242	process_exit	0	0	0	ebpf_counter	8	181	0	0	process_exit
MEMO	1779966584000002243	process_exit	0	0	0	ebpf_counter	8	181	0	0	process_exit
MEMO	1779966584000002244	process_exit	0	0	0	ebpf_counter	8	181	0	0	process_exit
MEMO	1779966584000002245	process_exit	0	0	0	ebpf_counter	8	181	0	0	process_exit
MEMO	1779966584000002246	process_exit	0	0	0	ebpf_counter	8	181	0	0	process_exit
MEMO	1779966584000002247	process_exit	0	0	0	ebpf_counter	8	181	0	0	process_exit
MEMO	1779966584000002248	process_exit	0	0	0	ebpf_counter	8	181	0	0	process_exit
MEMO	1779966584000002249	process_exit	0	0	0	ebpf_counter	8	181	0	0	process_exit
MEMO	1779966584000002250	process_exit	0	0	0	ebpf_counter	8	181	0	0	process_exit
MEMO	1779966584000002251	process_exit	0	0	0	ebpf_counter	8	181	0	0	process_exit
MEMO	1779966584000002252	process_exit	0	0	0	ebpf_counter	8	181	0	0	process_exit
MEMO	1779966584000002253	process_exit	0	0	0	ebpf_counter	8	181	0	0	process_exit
MEMO	1779966584000002254	process_exit	0	0	0	ebpf_counter	8	181	0	0	process_exit
MEMO	1779966584000002255	process_exit	0	0	0	ebpf_counter	8	181	0	0	process_exit
MEMO	1779966584000002256	process_exit	0	0	0	ebpf_counter	8	181	0	0	process_exit
MEMO	1779966584000002257	process_exit	0	0	0	ebpf_counter	8	181	0	0	process_exit
MEMO	1779966584000002258	process_exit	0	0	0	ebpf_counter	8	181	0	0	process_exit
MEMO	1779966584000002259	process_exit	0	0	0	ebpf_counter	8	181	0	0	process_exit
MEMO	1779966584000002260	process_exit	0	0	0	ebpf_counter	8	181	0	0	process_exit
MEMO	1779966584000002261	process_exit	0	0	0	ebpf_counter	8	181	0	0	process_exit
MEMO	1779966584000002262	process_exit	0	0	0	ebpf_counter	8	181	0	0	process_exit
MEMO	1779966584000002263	process_exit	0	0	0	ebpf_counter	8	181	0	0	process_exit
MEMO	1779966584000002264	process_exit	0	0	0	ebpf_counter	8	181	0	0	process_exit
MEMO	1779966584000002265	process_exit	0	0	0	ebpf_counter	8	181	0	0	process_exit
MEMO	1779966584000002266	process_exit	0	0	0	ebpf_counter	8	181	0	0	process_exit
MEMO	1779966584000002267	process_exit	0	0	0	ebpf_counter	8	181	0	0	process_exit
MEMO	1779966584000002268	process_exit	0	0	0	ebpf_counter	8	181	0	0	process_exit
MEMO	1779966584000002269	process_exit	0	0	0	ebpf_counter	8	181	0	0	process_exit
MEMO	1779966584000002270	process_exit	0	0	0	ebpf_counter	8	181	0	0	process_exit
MEMO	1779966584000002271	process_exit	0	0	0	ebpf_counter	8	181	0	0	process_exit
MEMO	1779966584000002272	process_exit	0	0	0	ebpf_counter	8	181	0	0	process_exit
MEMO	1779966584000002273	process_exit	0	0	0	ebpf_counter	8	181	0	0	process_exit
MEMO	1779966584000002274	process_exit	0	0	0	ebpf_counter	8	181	0	0	process_exit
MEMO	1779966584000002275	process_exit	0	0	0	ebpf_counter	8	181	0	0	process_exit
MEMO	1779966584000002276	process_exit	0	0	0	ebpf_counter	8	181	0	0	process_exit
MEMO	1779966584000002277	process_exit	0	0	0	ebpf_counter	8	181	0	0	process_exit
MEMO	1779966584000002278	process_exit	0	0	0	ebpf_counter	8	181	0	0	process_exit
MEMO	1779966584000002279	process_exit	0	0	0	ebpf_counter	8	181	0	0	process_exit
MEMO	1779966584000002280	process_exit	0	0	0	ebpf_counter	8	181	0	0	process_exit
MEMO	1779966584000002281	process_exit	0	0	0	ebpf_counter	8	181	0	0	process_exit
MEMO	1779966584000002282	process_exit	0	0	0	ebpf_counter	8	181	0	0	process_exit
MEMO	1779966584000002283	process_exit	0	0	0	ebpf_counter	8	181	0	0	process_exit
MEMO	1779966584000002284	process_exit	0	0	0	ebpf_counter	8	181	0	0	process_exit
MEMO	1779966584000002285	process_exit	0	0	0	ebpf_counter	8	181	0	0	process_exit
MEMO	1779966584000002286	process_exit	0	0	0	ebpf_counter	8	181	0	0	process_exit
MEMO	1779966584000002287	process_exit	0	0	0	ebpf_counter	8	181	0	0	process_exit
MEMO	1779966584000002288	process_exit	0	0	0	ebpf_counter	8	181	0	0	process_exit
MEMO	1779966584000002289	process_exit	0	0	0	ebpf_counter	8	181	0	0	process_exit
MEMO	1779966584000002290	process_exit	0	0	0	ebpf_counter	8	181	0	0	process_exit
MEMO	1779966584000002291	process_exit	0	0	0	ebpf_counter	8	181	0	0	process_exit
MEMO	1779966584000002292	process_exit	0	0	0	ebpf_counter	8	181	0	0	process_exit
MEMO	1779966584000002293	process_exit	0	0	0	ebpf_counter	8	181	0	0	process_exit
MEMO	1779966584000002294	process_exit	0	0	0	ebpf_counter	8	181	0	0	process_exit
MEMO	1779966584000002295	process_exit	0	0	0	ebpf_counter	8	181	0	0	process_exit
MEMO	1779966584000002296	process_exit	0	0	0	ebpf_counter	8	181	0	0	process_exit
MEMO	1779966584000002297	process_exit	0	0	0	ebpf_counter	8	181	0	0	process_exit
MEMO	1779966584000002298	process_exit	0	0	0	ebpf_counter	8	181	0	0	process_exit
MEMO	1779966584000002299	process_exit	0	0	0	ebpf_counter	8	181	0	0	process_exit
MEMO	1779966584000002300	process_exit	0	0	0	ebpf_counter	8	181	0	0	process_exit
MEMO	1779966584000002301	process_exit	0	0	0	ebpf_counter	8	181	0	0	process_exit
MEMO	1779966584000002302	process_exit	0	0	0	ebpf_counter	8	181	0	0	process_exit
MEMO	1779966584000002303	process_exit	0	0	0	ebpf_counter	8	181	0	0	process_exit
MEMO	1779966584000002304	process_exit	0	0	0	ebpf_counter	8	181	0	0	process_exit
MEMO	1779966584000002305	process_exit	0	0	0	ebpf_counter	8	181	0	0	process_exit
MEMO	1779966584000002306	process_exit	0	0	0	ebpf_counter	8	181	0	0	process_exit
MEMO	1779966584000002307	process_exit	0	0	0	ebpf_counter	8	181	0	0	process_exit
MEMO	1779966584000002308	process_exit	0	0	0	ebpf_counter	8	181	0	0	process_exit
MEMO	1779966584000002309	process_exit	0	0	0	ebpf_counter	8	181	0	0	process_exit
MEMO	1779966584000002310	process_exit	0	0	0	ebpf_counter	8	181	0	0	process_exit
MEMO	1779966584000002311	process_exit	0	0	0	ebpf_counter	8	181	0	0	process_exit
MEMO	1779966584000002312	process_exit	0	0	0	ebpf_counter	8	181	0	0	process_exit
MEMO	1779966584000002313	process_exit	0	0	0	ebpf_counter	8	181	0	0	process_exit
MEMO	1779966584000002314	process_exit	0	0	0	ebpf_counter	8	181	0	0	process_exit
MEMO	1779966584000002315	process_exit	0	0	0	ebpf_counter	8	181	0	0	process_exit
MEMO	1779966584000002316	process_exit	0	0	0	ebpf_counter	8	181	0	0	process_exit
MEMO	1779966584000002317	process_exit	0	0	0	ebpf_counter	8	181	0	0	process_exit
MEMO	1779966584000002318	process_exit	0	0	0	ebpf_counter	8	181	0	0	process_exit
MEMO	1779966584000002319	process_exit	0	0	0	ebpf_counter	8	181	0	0	process_exit
MEMO	1779966584000002320	process_exit	0	0	0	ebpf_counter	8	181	0	0	process_exit
MEMO	1779966584000002321	process_exit	0	0	0	ebpf_counter	8	181	0	0	process_exit
MEMO	1779966584000002322	process_exit	0	0	0	ebpf_counter	8	181	0	0	process_exit
MEMO	1779966584000002323	process_exit	0	0	0	ebpf_counter	8	181	0	0	process_exit
MEMO	1779966584000002324	process_exit	0	0	0	ebpf_counter	8	181	0	0	process_exit
MEMO	1779966584000002325	process_exit	0	0	0	ebpf_counter	8	181	0	0	process_exit
MEMO	1779966584000002326	process_exit	0	0	0	ebpf_counter	8	181	0	0	process_exit
MEMO	1779966584000002327	process_exit	0	0	0	ebpf_counter	8	181	0	0	process_exit
MEMO	1779966584000002328	process_exit	0	0	0	ebpf_counter	8	181	0	0	process_exit
MEMO	1779966584000002329	process_exit	0	0	0	ebpf_counter	8	181	0	0	process_exit
MEMO	1779966584000002330	process_exit	0	0	0	ebpf_counter	8	181	0	0	process_exit
MEMO	1779966584000002331	process_exit	0	0	0	ebpf_counter	8	181	0	0	process_exit
MEMO	1779966584000002332	process_exit	0	0	0	ebpf_counter	8	181	0	0	process_exit
MEMO	1779966584000002333	process_exit	0	0	0	ebpf_counter	8	181	0	0	process_exit
MEMO	1779966584000002334	process_exit	0	0	0	ebpf_counter	8	181	0	0	process_exit
MEMO	1779966584000002335	process_exit	0	0	0	ebpf_counter	8	181	0	0	process_exit
MEMO	1779966584000002336	process_exit	0	0	0	ebpf_counter	8	181	0	0	process_exit
MEMO	1779966584000002337	process_exit	0	0	0	ebpf_counter	8	181	0	0	process_exit
MEMO	1779966584000002338	process_exit	0	0	0	ebpf_counter	8	181	0	0	process_exit
MEMO	1779966584000002339	process_exit	0	0	0	ebpf_counter	8	181	0	0	process_exit
MEMO	1779966584000002340	process_exit	0	0	0	ebpf_counter	8	181	0	0	process_exit
MEMO	1779966584000002341	process_exit	0	0	0	ebpf_counter	8	181	0	0	process_exit
MEMO	1779966584000002342	process_exit	0	0	0	ebpf_counter	8	181	0	0	process_exit
MEMO	1779966584000002343	process_exit	0	0	0	ebpf_counter	8	181	0	0	process_exit
MEMO	1779966584000002344	process_exit	0	0	0	ebpf_counter	8	181	0	0	process_exit
MEMO	1779966584000002345	process_exit	0	0	0	ebpf_counter	8	181	0	0	process_exit
MEMO	1779966584000002346	process_exit	0	0	0	ebpf_counter	8	181	0	0	process_exit
MEMO	1779966584000002347	process_exit	0	0	0	ebpf_counter	8	181	0	0	process_exit
MEMO	1779966584000002348	process_exit	0	0	0	ebpf_counter	8	181	0	0	process_exit
MEMO	1779966584000002349	process_exit	0	0	0	ebpf_counter	8	181	0	0	process_exit
MEMO	1779966584000002350	process_exit	0	0	0	ebpf_counter	8	181	0	0	process_exit
MEMO	1779966584000002351	process_exit	0	0	0	ebpf_counter	8	181	0	0	process_exit
MEMO	1779966584000002352	process_exit	0	0	0	ebpf_counter	8	181	0	0	process_exit
MEMO	1779966584000002353	process_exit	0	0	0	ebpf_counter	8	181	0	0	process_exit
MEMO	1779966584000002354	process_exit	0	0	0	ebpf_counter	8	181	0	0	process_exit
MEMO	1779966584000002355	process_exit	0	0	0	ebpf_counter	8	181	0	0	process_exit
MEMO	1779966584000002356	process_exit	0	0	0	ebpf_counter	8	181	0	0	process_exit
MEMO	1779966584000002357	process_exit	0	0	0	ebpf_counter	8	181	0	0	process_exit
MEMO	1779966584000002358	process_exit	0	0	0	ebpf_counter	8	181	0	0	process_exit
MEMO	1779966584000002359	process_exit	0	0	0	ebpf_counter	8	181	0	0	process_exit
MEMO	1779966584000002360	process_exec	0	0	0	ebpf_counter	9	112	0	0	process_exec
MEMO	1779966584000002361	process_exec	0	0	0	ebpf_counter	9	112	0	0	process_exec
MEMO	1779966584000002362	process_exec	0	0	0	ebpf_counter	9	112	0	0	process_exec
MEMO	1779966584000002363	process_exec	0	0	0	ebpf_counter	9	112	0	0	process_exec
MEMO	1779966584000002364	process_exec	0	0	0	ebpf_counter	9	112	0	0	process_exec
MEMO	1779966584000002365	process_exec	0	0	0	ebpf_counter	9	112	0	0	process_exec
MEMO	1779966584000002366	process_exec	0	0	0	ebpf_counter	9	112	0	0	process_exec
MEMO	1779966584000002367	process_exec	0	0	0	ebpf_counter	9	112	0	0	process_exec
MEMO	1779966584000002368	process_exec	0	0	0	ebpf_counter	9	112	0	0	process_exec
MEMO	1779966584000002369	process_exec	0	0	0	ebpf_counter	9	112	0	0	process_exec
MEMO	1779966584000002370	process_exec	0	0	0	ebpf_counter	9	112	0	0	process_exec
MEMO	1779966584000002371	process_exec	0	0	0	ebpf_counter	9	112	0	0	process_exec
MEMO	1779966584000002372	process_exec	0	0	0	ebpf_counter	9	112	0	0	process_exec
MEMO	1779966584000002373	process_exec	0	0	0	ebpf_counter	9	112	0	0	process_exec
MEMO	1779966584000002374	process_exec	0	0	0	ebpf_counter	9	112	0	0	process_exec
MEMO	1779966584000002375	process_exec	0	0	0	ebpf_counter	9	112	0	0	process_exec
MEMO	1779966584000002376	process_exec	0	0	0	ebpf_counter	9	112	0	0	process_exec
MEMO	1779966584000002377	process_exec	0	0	0	ebpf_counter	9	112	0	0	process_exec
MEMO	1779966584000002378	process_exec	0	0	0	ebpf_counter	9	112	0	0	process_exec
MEMO	1779966584000002379	process_exec	0	0	0	ebpf_counter	9	112	0	0	process_exec
MEMO	1779966584000002380	process_exec	0	0	0	ebpf_counter	9	112	0	0	process_exec
MEMO	1779966584000002381	process_exec	0	0	0	ebpf_counter	9	112	0	0	process_exec
MEMO	1779966584000002382	process_exec	0	0	0	ebpf_counter	9	112	0	0	process_exec
MEMO	1779966584000002383	process_exec	0	0	0	ebpf_counter	9	112	0	0	process_exec
MEMO	1779966584000002384	process_exec	0	0	0	ebpf_counter	9	112	0	0	process_exec
MEMO	1779966584000002385	process_exec	0	0	0	ebpf_counter	9	112	0	0	process_exec
MEMO	1779966584000002386	process_exec	0	0	0	ebpf_counter	9	112	0	0	process_exec
MEMO	1779966584000002387	process_exec	0	0	0	ebpf_counter	9	112	0	0	process_exec
MEMO	1779966584000002388	process_exec	0	0	0	ebpf_counter	9	112	0	0	process_exec
MEMO	1779966584000002389	process_exec	0	0	0	ebpf_counter	9	112	0	0	process_exec
MEMO	1779966584000002390	process_exec	0	0	0	ebpf_counter	9	112	0	0	process_exec
MEMO	1779966584000002391	process_exec	0	0	0	ebpf_counter	9	112	0	0	process_exec
MEMO	1779966584000002392	process_exec	0	0	0	ebpf_counter	9	112	0	0	process_exec
MEMO	1779966584000002393	process_exec	0	0	0	ebpf_counter	9	112	0	0	process_exec
MEMO	1779966584000002394	process_exec	0	0	0	ebpf_counter	9	112	0	0	process_exec
MEMO	1779966584000002395	process_exec	0	0	0	ebpf_counter	9	112	0	0	process_exec
MEMO	1779966584000002396	process_exec	0	0	0	ebpf_counter	9	112	0	0	process_exec
MEMO	1779966584000002397	process_exec	0	0	0	ebpf_counter	9	112	0	0	process_exec
MEMO	1779966584000002398	process_exec	0	0	0	ebpf_counter	9	112	0	0	process_exec
MEMO	1779966584000002399	process_exec	0	0	0	ebpf_counter	9	112	0	0	process_exec
MEMO	1779966584000002400	process_exec	0	0	0	ebpf_counter	9	112	0	0	process_exec
MEMO	1779966584000002401	process_exec	0	0	0	ebpf_counter	9	112	0	0	process_exec
MEMO	1779966584000002402	process_exec	0	0	0	ebpf_counter	9	112	0	0	process_exec
MEMO	1779966584000002403	process_exec	0	0	0	ebpf_counter	9	112	0	0	process_exec
MEMO	1779966584000002404	process_exec	0	0	0	ebpf_counter	9	112	0	0	process_exec
MEMO	1779966584000002405	process_exec	0	0	0	ebpf_counter	9	112	0	0	process_exec
MEMO	1779966584000002406	process_exec	0	0	0	ebpf_counter	9	112	0	0	process_exec
MEMO	1779966584000002407	process_exec	0	0	0	ebpf_counter	9	112	0	0	process_exec
MEMO	1779966584000002408	process_exec	0	0	0	ebpf_counter	9	112	0	0	process_exec
MEMO	1779966584000002409	process_exec	0	0	0	ebpf_counter	9	112	0	0	process_exec
MEMO	1779966584000002410	process_exec	0	0	0	ebpf_counter	9	112	0	0	process_exec
MEMO	1779966584000002411	process_exec	0	0	0	ebpf_counter	9	112	0	0	process_exec
MEMO	1779966584000002412	process_exec	0	0	0	ebpf_counter	9	112	0	0	process_exec
MEMO	1779966584000002413	process_exec	0	0	0	ebpf_counter	9	112	0	0	process_exec
MEMO	1779966584000002414	process_exec	0	0	0	ebpf_counter	9	112	0	0	process_exec
MEMO	1779966584000002415	process_exec	0	0	0	ebpf_counter	9	112	0	0	process_exec
MEMO	1779966584000002416	process_exec	0	0	0	ebpf_counter	9	112	0	0	process_exec
MEMO	1779966584000002417	process_exec	0	0	0	ebpf_counter	9	112	0	0	process_exec
MEMO	1779966584000002418	process_exec	0	0	0	ebpf_counter	9	112	0	0	process_exec
MEMO	1779966584000002419	process_exec	0	0	0	ebpf_counter	9	112	0	0	process_exec
MEMO	1779966584000002420	process_exec	0	0	0	ebpf_counter	9	112	0	0	process_exec
MEMO	1779966584000002421	process_exec	0	0	0	ebpf_counter	9	112	0	0	process_exec
MEMO	1779966584000002422	process_exec	0	0	0	ebpf_counter	9	112	0	0	process_exec
MEMO	1779966584000002423	process_exec	0	0	0	ebpf_counter	9	112	0	0	process_exec
MEMO	1779966584000002424	process_exec	0	0	0	ebpf_counter	9	112	0	0	process_exec
MEMO	1779966584000002425	process_exec	0	0	0	ebpf_counter	9	112	0	0	process_exec
MEMO	1779966584000002426	process_exec	0	0	0	ebpf_counter	9	112	0	0	process_exec
MEMO	1779966584000002427	process_exec	0	0	0	ebpf_counter	9	112	0	0	process_exec
MEMO	1779966584000002428	process_exec	0	0	0	ebpf_counter	9	112	0	0	process_exec
MEMO	1779966584000002429	process_exec	0	0	0	ebpf_counter	9	112	0	0	process_exec
MEMO	1779966584000002430	process_exec	0	0	0	ebpf_counter	9	112	0	0	process_exec
MEMO	1779966584000002431	process_exec	0	0	0	ebpf_counter	9	112	0	0	process_exec
MEMO	1779966584000002432	process_exec	0	0	0	ebpf_counter	9	112	0	0	process_exec
MEMO	1779966584000002433	process_exec	0	0	0	ebpf_counter	9	112	0	0	process_exec
MEMO	1779966584000002434	process_exec	0	0	0	ebpf_counter	9	112	0	0	process_exec
MEMO	1779966584000002435	process_exec	0	0	0	ebpf_counter	9	112	0	0	process_exec
MEMO	1779966584000002436	process_exec	0	0	0	ebpf_counter	9	112	0	0	process_exec
MEMO	1779966584000002437	process_exec	0	0	0	ebpf_counter	9	112	0	0	process_exec
MEMO	1779966584000002438	process_exec	0	0	0	ebpf_counter	9	112	0	0	process_exec
MEMO	1779966584000002439	process_exec	0	0	0	ebpf_counter	9	112	0	0	process_exec
MEMO	1779966584000002440	process_exec	0	0	0	ebpf_counter	9	112	0	0	process_exec
MEMO	1779966584000002441	process_exec	0	0	0	ebpf_counter	9	112	0	0	process_exec
MEMO	1779966584000002442	process_exec	0	0	0	ebpf_counter	9	112	0	0	process_exec
MEMO	1779966584000002443	process_exec	0	0	0	ebpf_counter	9	112	0	0	process_exec
MEMO	1779966584000002444	process_exec	0	0	0	ebpf_counter	9	112	0	0	process_exec
MEMO	1779966584000002445	process_exec	0	0	0	ebpf_counter	9	112	0	0	process_exec
MEMO	1779966584000002446	process_exec	0	0	0	ebpf_counter	9	112	0	0	process_exec
MEMO	1779966584000002447	process_exec	0	0	0	ebpf_counter	9	112	0	0	process_exec
MEMO	1779966584000002448	process_exec	0	0	0	ebpf_counter	9	112	0	0	process_exec
MEMO	1779966584000002449	process_exec	0	0	0	ebpf_counter	9	112	0	0	process_exec
MEMO	1779966584000002450	process_exec	0	0	0	ebpf_counter	9	112	0	0	process_exec
MEMO	1779966584000002451	process_exec	0	0	0	ebpf_counter	9	112	0	0	process_exec
MEMO	1779966584000002452	process_exec	0	0	0	ebpf_counter	9	112	0	0	process_exec
MEMO	1779966584000002453	process_exec	0	0	0	ebpf_counter	9	112	0	0	process_exec
MEMO	1779966584000002454	process_exec	0	0	0	ebpf_counter	9	112	0	0	process_exec
MEMO	1779966584000002455	process_exec	0	0	0	ebpf_counter	9	112	0	0	process_exec
MEMO	1779966584000002456	process_exec	0	0	0	ebpf_counter	9	112	0	0	process_exec
MEMO	1779966584000002457	process_exec	0	0	0	ebpf_counter	9	112	0	0	process_exec
MEMO	1779966584000002458	process_exec	0	0	0	ebpf_counter	9	112	0	0	process_exec
MEMO	1779966584000002459	process_exec	0	0	0	ebpf_counter	9	112	0	0	process_exec
MEMO	1779966584000002460	process_exec	0	0	0	ebpf_counter	9	112	0	0	process_exec
MEMO	1779966584000002461	process_exec	0	0	0	ebpf_counter	9	112	0	0	process_exec
MEMO	1779966584000002462	process_exec	0	0	0	ebpf_counter	9	112	0	0	process_exec
MEMO	1779966584000002463	process_exec	0	0	0	ebpf_counter	9	112	0	0	process_exec
MEMO	1779966584000002464	process_exec	0	0	0	ebpf_counter	9	112	0	0	process_exec
MEMO	1779966584000002465	process_exec	0	0	0	ebpf_counter	9	112	0	0	process_exec
MEMO	1779966584000002466	process_exec	0	0	0	ebpf_counter	9	112	0	0	process_exec
MEMO	1779966584000002467	process_exec	0	0	0	ebpf_counter	9	112	0	0	process_exec
MEMO	1779966584000002468	process_exec	0	0	0	ebpf_counter	9	112	0	0	process_exec
MEMO	1779966584000002469	process_exec	0	0	0	ebpf_counter	9	112	0	0	process_exec
MEMO	1779966584000002470	process_exec	0	0	0	ebpf_counter	9	112	0	0	process_exec
MEMO	1779966584000002471	process_exec	0	0	0	ebpf_counter	9	112	0	0	process_exec
MEMO	0	status	0	0	0	memo	0	0	0	0	collector_stopped
